{"stats":{"minecraft:custom":{"minecraft:interact_with_crafting_table":106,"minecraft:open_barrel":82,"goblintraders:trade_with_goblin":58,"minecraft:eat_cake_slice":6,"minecraft:leave_game":5,"minecraft:time_since_death":104644,"minecraft:damage_blocked_by_shield":110,"minecraft:play_time":843503,"minecraft:deaths":26,"minecraft:jump":14999,"minecraft:interact_with_furnace":44,"minecraft:sleep_in_bed":16,"minecraft:waystone_activated":3,"minecraft:damage_dealt":39968,"minecraft:interact_with_smoker":8,"minecraft:use_cauldron":1,"minecraft:inspect_dispenser":4,"minecraft:horse_one_cm":451613,"minecraft:interact_with_smithing_table":1,"minecraft:interact_with_anvil":1,"minecraft:sneak_time":48798,"minecraft:interact_with_blast_furnace":17,"minecraft:total_world_time":843503,"minecraft:tune_noteblock":9,"minecraft:time_since_rest":104672,"minecraft:swim_one_cm":389676,"minecraft:fly_one_cm":1628981,"minecraft:open_chest":543,"minecraft:fall_one_cm":284854,"minecraft:damage_resisted":40,"minecraft:sprint_one_cm":958711,"minecraft:drop":286,"minecraft:talked_to_villager":2,"minecraft:walk_on_water_one_cm":154740,"minecraft:crouch_one_cm":135834,"minecraft:mob_kills":212,"minecraft:damage_dealt_resisted":200,"minecraft:climb_one_cm":78286,"minecraft:walk_one_cm":2445767,"minecraft:walk_under_water_one_cm":212141,"minecraft:interact_with_grindstone":1,"minecraft:damage_absorbed":40,"minecraft:damage_taken":21982},"minecraft:mined":{"minecraft:dark_oak_planks":13,"minecraft:jungle_leaves":19,"minecraft:obsidian":4,"minecraft:acacia_log":15,"minecraft:coal_block":10,"minecraft:nether_wart":2,"minecraft:spawner":10,"minecraft:dark_oak_trapdoor":1,"minecraft:fire":8,"minecraft:stripped_dark_oak_wood":1,"minecraft:light_gray_concrete":2,"farmersdelight:rice_panicles":17,"minecraft:player_head":2,"minecraft:tripwire":2,"ars_nouveau:light_block":23,"minecraft:torch":2,"minecraft:blast_furnace":1,"minecraft:melon":7,"minecraft:dead_bush":1,"minecraft:nether_brick_slab":1,"farmersdelight:cabbages":1,"minecraft:sugar_cane":15,"minecraft:cyan_wool":2,"minecraft:wheat":1,"minecraft:stone_brick_stairs":1,"minecraft:grass":99,"minecraft:smooth_quartz":4,"minecraft:dark_prismarine":9,"minecraft:nether_bricks":2,"minecraft:jungle_planks":9,"minecraft:crimson_roots":2,"minecraft:black_stained_glass_pane":1,"ars_nouveau:mendosteen_pod":1,"minecraft:vine":10,"minecraft:bamboo":2,"minecraft:bone_block":33,"minecraft:dandelion":6,"minecraft:cornflower":1,"minecraft:potted_oxeye_daisy":1,"minecraft:copper_ore":5,"farmersdelight:wild_tomatoes":1,"minecraft:spruce_log":3,"minecraft:dark_prismarine_slab":3,"minecraft:gravel":3,"minecraft:cobweb":5,"ars_nouveau:imbuement_chamber":1,"minecraft:fern":19,"minecraft:waxed_cut_copper_slab":2,"ars_nouveau:temporary_light_block":1,"minecraft:spruce_planks":12,"minecraft:sculk_vein":1,"minecraft:grass_block":20,"ars_nouveau:bastion_pod":2,"ars_nouveau:frostaya_pod":1,"minecraft:iron_ore":5,"minecraft:dark_oak_stairs":1,"ars_nouveau:red_archwood_log":1,"minecraft:azalea_leaves":1,"minecraft:spruce_slab":1,"minecraft:chiseled_quartz_block":1,"minecraft:jungle_stairs":2,"minecraft:poppy":7,"minecraft:chest":1,"minecraft:cobblestone":2,"ars_nouveau:scribes_table":2,"ars_nouveau:red_archwood_leaves":38,"minecraft:wall_torch":3,"minecraft:nether_wart_block":1,"minecraft:blue_ice":1,"minecraft:tnt":6,"minecraft:smooth_stone_slab":1,"minecraft:oak_log":8,"minecraft:crimson_planks":1,"minecraft:sand":1,"minecraft:dirt":13,"minecraft:netherrack":8,"minecraft:oak_leaves":33,"minecraft:tuff":6,"ars_nouveau:green_archwood_leaves":79,"minecraft:purple_terracotta":1,"minecraft:rooted_dirt":28,"minecraft:hay_block":29,"minecraft:furnace":1,"minecraft:bookshelf":12,"minecraft:stripped_oak_log":1,"minecraft:stone":30,"ars_nouveau:purple_archwood_log":6,"minecraft:acacia_leaves":1,"minecraft:crafting_table":3,"minecraft:lectern":1,"minecraft:lapis_ore":7,"minecraft:sculk":3,"minecraft:spruce_stairs":1,"farmersdelight:wild_beetroots":1,"minecraft:gray_wool":4,"ars_nouveau:blue_archwood_log":33,"minecraft:gray_bed":1,"minecraft:yellow_bed":1,"minecraft:coal_ore":27,"minecraft:cyan_carpet":1},"minecraft:broken":{"minecraft:iron_chestplate":1,"minecraft:wooden_sword":2,"minecraft:iron_sword":2,"minecraft:stone_sword":1,"minecraft:wooden_hoe":1,"aa_minecraft_mod:copper_sword":3,"aa_minecraft_mod:copper_axe":1,"minecraft:stone_axe":1,"minecraft:wooden_axe":1,"minecraft:golden_axe":1},"minecraft:used":{"irons_spellbooks:inscription_table":1,"minecraft:polished_blackstone":1,"minecraft:ladder":1,"farmersdelight:cabbage_seeds":7,"minecraft:chest":5,"minecraft:rotten_flesh":24,"minecraft:soul_sand":4,"minecraft:deepslate_brick_slab":2,"minecraft:rabbit_stew":2,"minecraft:bow":4,"minecraft:furnace":3,"minecraft:leather_leggings":1,"minecraft:blackstone":2,"minecraft:leather_chestplate":1,"minecraft:golden_apple":3,"minecraft:dark_oak_trapdoor":1,"minecraft:sand":4,"minecraft:blast_furnace":1,"minecraft:purple_terracotta":1,"farmersdelight:rice":20,"minecraft:chiseled_quartz_block":1,"minecraft:deepslate_brick_stairs":1,"minecraft:lightning_rod":7,"minecraft:red_sandstone":7,"minecraft:cyan_carpet":1,"minecraft:nether_wart_block":1,"minecraft:wooden_sword":118,"aa_minecraft_mod:copper_sword":89,"alexsmobs:banana_peel":1,"minecraft:polished_blackstone_brick_slab":2,"minecraft:stone_sword":209,"minecraft:acacia_log":3,"minecraft:netherrack":57,"minecraft:torch":9,"minecraft:iron_axe":19,"minecraft:rooted_dirt":26,"minecraft:goat_horn":2,"farmersdelight:cooking_pot":1,"minecraft:acacia_planks":8,"minecraft:cobbled_deepslate":16,"minecraft:golden_axe":16,"minecraft:calcite":1,"farmersdelight:cooked_rice":19,"minecraft:wheat_seeds":2,"minecraft:deepslate_bricks":8,"minecraft:polished_blackstone_bricks":3,"minecraft:gilded_blackstone":3,"minecraft:tnt":6,"minecraft:crafting_table":8,"minecraft:campfire":1,"minecraft:white_bed":1,"minecraft:deepslate_tile_wall":1,"minecraft:diamond_pickaxe":6,"minecraft:oak_button":1,"minecraft:iron_pickaxe":115,"ars_nouveau:arcane_pedestal":3,"alexsmobs:kangaroo_meat":1,"minecraft:tnt_minecart":1,"minecraft:spruce_pressure_plate":1,"minecraft:cobblestone":73,"minecraft:potion":19,"minecraft:cooked_porkchop":13,"irons_spellbooks:arcane_anvil":1,"minecraft:diamond_leggings":3,"minecraft:shield":9,"minecraft:iron_sword":863,"minecraft:nether_wart":6,"minecraft:player_head":1,"minecraft:iron_chestplate":3,"minecraft:mutton":1,"minecraft:nether_bricks":19,"minecraft:tuff":4,"minecraft:obsidian":6,"minecraft:polished_blackstone_brick_wall":1,"minecraft:iron_helmet":2,"ars_nouveau:green_archwood_sapling":1,"minecraft:item_frame":1,"minecraft:gray_bed":1,"minecraft:dark_oak_stairs":1,"minecraft:gray_carpet":7,"minecraft:stone_pickaxe":59,"minecraft:oak_planks":1,"ars_nouveau:mendosteen_pod":3,"minecraft:sugar_cane":10,"minecraft:mushroom_stew":5,"ars_nouveau:agronomic_sourcelink":1,"aa_minecraft_mod:copper_axe":30,"alexsmobs:terrapin_bucket":1,"waystones:waystone":1,"minecraft:bread":44,"minecraft:melon_slice":31,"minecraft:brown_wool":1,"minecraft:gravel":6,"minecraft:chainmail_boots":3,"minecraft:cooked_rabbit":1,"minecraft:andesite":9,"minecraft:flint_and_steel":4,"minecraft:cracked_deepslate_bricks":5,"minecraft:spruce_planks":2,"minecraft:cooked_chicken":3,"minecraft:dirt":139,"ars_nouveau:bastion_pod":1,"minecraft:diamond_helmet":2,"minecraft:granite":9,"minecraft:dark_oak_planks":109,"minecraft:wooden_axe":63,"minecraft:acacia_slab":2,"ars_nouveau:imbuement_chamber":2,"minecraft:cooked_beef":5,"minecraft:cooked_mutton":4,"minecraft:cyan_candle":3,"minecraft:baked_potato":1,"minecraft:dark_prismarine_slab":2,"ars_nouveau:sourcestone":4,"irons_spellbooks:alchemist_cauldron":3,"aa_minecraft_mod:copper_pickaxe":29,"minecraft:wooden_hoe":69,"minecraft:flower_pot":1,"minecraft:apple":36,"ars_nouveau:source_jar":1,"minecraft:jungle_stairs":2,"irons_spellbooks:scroll_forge":1,"minecraft:stone_axe":99,"irons_spellbooks:keeper_flamberge":3,"minecraft:bucket":5,"minecraft:yellow_bed":1,"minecraft:pumpkin_pie":11,"ars_nouveau:scribes_table":4,"minecraft:splash_potion":1},"minecraft:picked_up":{"minecraft:iron_chestplate":18,"minecraft:chainmail_boots":5,"minecraft:flower_pot":3,"minecraft:anvil":3,"farmersdelight:rice_panicle":17,"minecraft:enchanted_book":5,"minecraft:amethyst_block":4,"minecraft:polished_deepslate":12,"minecraft:dark_oak_trapdoor":1,"minecraft:polished_blackstone_brick_stairs":9,"minecraft:string":67,"aa_minecraft_mod:copper_sword":5,"minecraft:beetroot_soup":2,"minecraft:beetroot":15,"irons_spellbooks:artificer_cane":1,"minecraft:diamond_leggings":7,"minecraft:cobbled_deepslate":204,"minecraft:gold_nugget":64,"minecraft:spruce_planks":6,"ars_nouveau:mendosteen_pod":6,"minecraft:enchanted_golden_apple":2,"minecraft:coal_block":10,"minecraft:melon_slice":35,"minecraft:spruce_pressure_plate":1,"minecraft:polished_blackstone_brick_slab":5,"minecraft:acacia_log":119,"minecraft:golden_axe":1,"minecraft:stone_sword":3,"ars_nouveau:worn_notebook":1,"minecraft:vex_armor_trim_smithing_template":7,"farmersdelight:onion":1,"ars_nouveau:imbuement_chamber":1,"ars_nouveau:apprentice_spell_book":15,"minecraft:iron_block":5,"farmersdelight:rope":10,"ars_nouveau:glyph_touch":10,"minecraft:blaze_rod":65,"minecraft:feather":1,"minecraft:cooked_beef":54,"farmersdelight:rice":18,"minecraft:jungle_log":2,"minecraft:brown_wool":1,"minecraft:flint":3,"ars_nouveau:scribes_table":3,"irons_spellbooks:keeper_flamberge":6,"irons_spellbooks:iron_spell_book":2,"minecraft:diamond_helmet":6,"minecraft:glowstone_dust":70,"minecraft:honeycomb":3,"minecraft:chiseled_polished_blackstone":1,"irons_spellbooks:legendary_ink":1,"minecraft:ink_sac":1,"minecraft:fermented_spider_eye":5,"alexsmobs:animal_dictionary":1,"ars_nouveau:wilden_horn":2,"minecraft:stripped_acacia_log":1,"artifacts:crystal_heart":2,"ars_nouveau:glyph_summon_steed":1,"minecraft:granite":34,"minecraft:bread":126,"minecraft:rooted_dirt":28,"ars_nouveau:glyph_heal":1,"minecraft:crimson_roots":1,"minecraft:diamond_pickaxe":1,"ars_nouveau:red_archwood_log":1,"minecraft:crafting_table":5,"minecraft:nether_wart":8,"minecraft:clay_ball":12,"irons_spellbooks:tarnished_helmet":3,"minecraft:leather_leggings":4,"farmersdelight:cooked_rice":13,"minecraft:cornflower":1,"ars_nouveau:glyph_break":1,"minecraft:flint_and_steel":6,"minecraft:netherite_scrap":4,"minecraft:white_carpet":1,"ars_nouveau:glyph_pull":1,"minecraft:cracked_stone_bricks":2,"minecraft:beef":69,"minecraft:iron_nugget":184,"minecraft:poppy":14,"minecraft:spruce_slab":1,"irons_spellbooks:emerald_stoneplate_ring":12,"minecraft:chest":1,"minecraft:egg":1,"ars_nouveau:purple_archwood_log":58,"minecraft:stone":52,"farmersdelight:tomato_seeds":3,"minecraft:carrot":12,"minecraft:redstone":1,"irons_spellbooks:alchemist_cauldron":2,"ars_nouveau:green_archwood_log":19,"minecraft:tnt":6,"irons_spellbooks:gold_spell_book":7,"minecraft:diamond_boots":2,"minecraft:deepslate_bricks":8,"minecraft:hay_block":57,"minecraft:cracked_deepslate_bricks":5,"irons_spellbooks:ancient_knowledge_fragment":10,"minecraft:gold_ingot":18,"minecraft:bone_block":33,"minecraft:polished_blackstone":1,"minecraft:glow_berries":12,"minecraft:mutton":25,"minecraft:white_wool":31,"alexsmobs:kangaroo_meat":1,"minecraft:rail":9,"minecraft:oxeye_daisy":1,"minecraft:stripped_oak_log":1,"alexsmobs:acacia_blossom":2,"ars_nouveau:wilden_wing":3,"minecraft:oak_log":20,"farmersdelight:skillet":1,"minecraft:paper":18,"minecraft:apple":277,"minecraft:stone_bricks":2,"farmersdelight:cooking_pot":5,"irons_spellbooks:blood_vial":4,"minecraft:stone_pickaxe":3,"minecraft:glass_bottle":33,"minecraft:gray_bed":1,"minecraft:iron_sword":7,"minecraft:flowering_azalea":1,"minecraft:dark_oak_stairs":1,"minecraft:milk_bucket":8,"minecraft:gravel":32,"aa_minecraft_mod:copper_pickaxe":5,"minecraft:spruce_log":3,"irons_spellbooks:magehunter":1,"minecraft:stone_axe":1,"minecraft:gray_wool":4,"minecraft:polished_blackstone_brick_wall":3,"minecraft:baked_potato":1,"minecraft:ender_pearl":4,"irons_spellbooks:scroll":25,"ars_nouveau:caster_tome":3,"minecraft:wheat":1,"minecraft:potion":32,"minecraft:gilded_blackstone":8,"ars_nouveau:bombegranate_pod":1,"minecraft:stone_brick_stairs":1,"minecraft:crimson_planks":1,"ars_nouveau:glyph_craft":1,"alexsmobs:gazelle_horn":2,"minecraft:waxed_cut_copper_slab":2,"minecraft:raw_copper":238,"minecraft:smooth_stone_slab":2,"minecraft:iron_leggings":7,"minecraft:netherite_ingot":2,"irons_spellbooks:fire_ale":3,"irons_spellbooks:arcane_essence":28,"alexsmobs:blood_sac":4,"minecraft:tnt_minecart":1,"alexsmobs:banana":9,"minecraft:bucket":5,"minecraft:calcite":1,"minecraft:smooth_quartz":4,"minecraft:iron_pickaxe":7,"minecraft:deepslate_tile_wall":1,"irons_spellbooks:inscription_table":1,"minecraft:furnace":2,"farmersdelight:cabbage_seeds":7,"alexsmobs:banana_peel":1,"minecraft:iron_boots":4,"minecraft:stick":48,"minecraft:acacia_fence":1,"minecraft:oak_fence":1,"minecraft:torch":173,"minecraft:spruce_stairs":1,"minecraft:porkchop":20,"minecraft:diorite":6,"minecraft:rotten_flesh":145,"minecraft:deepslate_brick_stairs":1,"minecraft:obsidian":24,"minecraft:cobblestone":373,"minecraft:leather_chestplate":1,"minecraft:repeater":22,"minecraft:andesite":16,"minecraft:chiseled_quartz_block":2,"minecraft:tuff":49,"ars_nouveau:glyph_amplify":1,"minecraft:lapis_lazuli":281,"minecraft:dirt":190,"minecraft:name_tag":1,"minecraft:leather_boots":1,"minecraft:bone":137,"minecraft:acacia_planks":154,"minecraft:bow":5,"ars_nouveau:source_gem":12,"minecraft:wheat_seeds":18,"minecraft:deepslate_brick_slab":2,"minecraft:raw_gold":47,"minecraft:mossy_stone_bricks":1,"minecraft:cyan_candle":3,"minecraft:bamboo":3,"minecraft:powered_rail":2,"ars_nouveau:glyph_extend_time":1,"minecraft:oak_planks":27,"minecraft:cooked_porkchop":18,"minecraft:jungle_planks":9,"minecraft:sand":14,"ars_nouveau:music_disc_aria_biblio":1,"ars_nouveau:sourcestone":20,"minecraft:dark_prismarine":6,"minecraft:light_gray_concrete":1,"minecraft:dark_prismarine_slab":2,"minecraft:sugar":6,"minecraft:diamond":35,"waystones:waystone":1,"minecraft:cracked_polished_blackstone_bricks":3,"minecraft:golden_apple":29,"minecraft:emerald":32,"minecraft:oak_sapling":1,"minecraft:netherrack":307,"irons_spellbooks:uncommon_ink":3,"minecraft:fishing_rod":1,"minecraft:cocoa_beans":3,"minecraft:allium":3,"minecraft:chicken":1,"minecraft:ladder":3,"minecraft:chest_minecart":1,"minecraft:rabbit_stew":3,"minecraft:turtle_helmet":4,"minecraft:wooden_pickaxe":1,"minecraft:cooked_rabbit":1,"ars_nouveau:warp_scroll":1,"minecraft:gold_block":36,"minecraft:shield":1,"ars_nouveau:amplify_arrow":44,"minecraft:iron_axe":2,"minecraft:wooden_sword":1,"artifacts:feral_claws":4,"minecraft:item_frame":1,"minecraft:blackstone":13,"minecraft:cyan_carpet":1,"minecraft:player_head":3,"irons_spellbooks:epic_ink":2,"alexsmobs:terrapin_bucket":1,"minecraft:lectern":3,"minecraft:sugar_cane":61,"minecraft:raw_iron":932,"minecraft:copper_ingot":24,"minecraft:bowl":9,"minecraft:note_block":28,"ars_nouveau:purple_archwood_sapling":2,"ars_nouveau:blue_archwood_log":34,"minecraft:polished_blackstone_bricks":12,"ars_nouveau:frostaya_pod":4,"minecraft:purple_terracotta":1,"minecraft:dark_oak_planks":30,"irons_spellbooks:mana_ring":1,"minecraft:arrow":107,"minecraft:nether_bricks":19,"minecraft:pumpkin_pie":41,"minecraft:jungle_stairs":2,"ars_nouveau:abjuration_essence":1,"minecraft:stripped_dark_oak_wood":1,"artifacts:cross_necklace":12,"minecraft:ward_armor_trim_smithing_template":1,"minecraft:glistering_melon_slice":60,"minecraft:glow_ink_sac":2,"minecraft:crimson_stem":5,"minecraft:leather":20,"minecraft:mushroom_stew":24,"minecraft:chainmail_chestplate":3,"minecraft:gunpowder":192,"minecraft:yellow_bed":1,"minecraft:nether_wart_block":2,"artifacts:cloud_in_a_bottle":1,"minecraft:wooden_hoe":4,"minecraft:cooked_mutton":4,"irons_spellbooks:common_ink":12,"ars_nouveau:green_archwood_sapling":1,"minecraft:gray_carpet":1,"minecraft:red_sandstone":7,"minecraft:iron_ingot":124,"minecraft:cooked_chicken":9,"irons_spellbooks:cinder_essence":4,"minecraft:soul_sand":4,"minecraft:book":123,"artifacts:obsidian_skull":12,"minecraft:pumpkin":4,"ars_nouveau:red_archwood_sapling":1,"minecraft:quartz":27,"minecraft:dandelion":16,"ars_nouveau:novice_spell_book":13,"ars_nouveau:bastion_pod":2,"minecraft:blast_furnace":5,"minecraft:white_bed":3,"minecraft:nether_brick_slab":1,"minecraft:spider_eye":2,"aa_minecraft_mod:copper_armor_helmet":1,"ars_nouveau:glyph_light":1,"minecraft:iron_helmet":11,"ars_nouveau:glyph_aoe":1,"minecraft:acacia_slab":4,"minecraft:coal":247},"minecraft:killed":{"minecraft:cave_spider":1,"minecraft:skeleton":63,"minecraft:chicken":1,"alexsmobs:capuchin_monkey":1,"minecraft:magma_cube":5,"minecraft:pillager":5,"minecraft:zombie":33,"alexsmobs:maned_wolf":1,"minecraft:cow":3,"minecraft:vindicator":9,"minecraft:husk":35,"irons_spellbooks:citadel_keeper":4,"alexsmobs:rhinoceros":1,"minecraft:enderman":1,"minecraft:spider":3,"irons_spellbooks:summoned_skeleton":2,"alexsmobs:kangaroo":1,"artifacts:mimic":1,"minecraft:pig":5,"irons_spellbooks:necromancer":2,"minecraft:creeper":1,"alexsmobs:crimson_mosquito":3,"minecraft:sheep":9,"alexsmobs:fly":1,"irons_spellbooks:summoned_zombie":3,"minecraft:drowned":1,"alexsmobs:gazelle":4,"ars_nouveau:whirlisprig":1,"minecraft:wither_skeleton":3},"minecraft:dropped":{"minecraft:iron_sword":1,"ars_nouveau:novice_spell_book":6,"minecraft:lapis_lazuli":15,"minecraft:cooked_beef":14,"minecraft:glow_ink_sac":2,"minecraft:glass_bottle":11,"minecraft:cooked_porkchop":1,"minecraft:glow_berries":8,"minecraft:rooted_dirt":2,"minecraft:cracked_stone_bricks":1,"minecraft:rail":4,"minecraft:dirt":47,"minecraft:grass":1,"irons_spellbooks:epic_ink":2,"irons_spellbooks:gold_spell_book":1,"minecraft:iron_pickaxe":1,"minecraft:sugar":2,"minecraft:fermented_spider_eye":1,"minecraft:white_wool":2,"minecraft:bone":1,"minecraft:waxed_cut_copper_slab":2,"ars_nouveau:archwood_pressure_plate":1,"minecraft:stone_axe":1,"ars_nouveau:apprentice_spell_book":2,"minecraft:cooked_chicken":1,"minecraft:cobbled_deepslate":145,"minecraft:obsidian":5,"minecraft:rotten_flesh":15,"minecraft:white_bed":2,"alexsmobs:blood_sac":4,"minecraft:leather_boots":1,"minecraft:ladder":2,"minecraft:leather_leggings":2,"farmersdelight:rope":5,"farmersdelight:onion_crate":3,"aa_minecraft_mod:copper_pickaxe":1,"minecraft:lectern":1,"minecraft:enchanted_book":1,"farmersdelight:tomato_seeds":1,"minecraft:iron_ingot":32,"minecraft:wheat_seeds":15,"farmersdelight:skillet":1,"minecraft:feather":1,"minecraft:iron_helmet":2,"minecraft:cobblestone":16,"minecraft:apple":12,"minecraft:granite":25,"ars_nouveau:purple_archwood_log":1,"minecraft:disc_fragment_5":1,"minecraft:coal":11,"minecraft:mushroom_stew":6,"minecraft:oxeye_daisy":1,"minecraft:diamond_horse_armor":2,"minecraft:ink_sac":1,"minecraft:wooden_axe":1,"minecraft:diamond_helmet":2,"minecraft:potion":7,"minecraft:pumpkin":2,"minecraft:acacia_planks":58,"minecraft:beetroot_soup":1,"ars_nouveau:caster_tome":4,"minecraft:player_head":3,"alexsmobs:acacia_blossom":2,"minecraft:stone_sword":2,"minecraft:cocoa_beans":2,"minecraft:bowl":6,"irons_spellbooks:uncommon_ink":1,"minecraft:allium":3,"minecraft:diamond_pickaxe":2,"irons_spellbooks:iron_spell_book":2,"ars_nouveau:amplify_arrow":16,"aa_minecraft_mod:copper_sword":3,"minecraft:dark_prismarine":6,"minecraft:vex_armor_trim_smithing_template":3,"irons_spellbooks:artificer_cane":1,"minecraft:ender_pearl":1,"minecraft:chest_minecart":1,"minecraft:honeycomb":3,"minecraft:polished_blackstone_brick_wall":2,"minecraft:flint":3,"minecraft:cracked_polished_blackstone_bricks":2,"minecraft:jungle_button":1,"minecraft:polished_blackstone_brick_stairs":9,"minecraft:mutton":4,"minecraft:crimson_roots":1,"farmersdelight:onion":1,"minecraft:gilded_blackstone":5,"minecraft:polished_blackstone_bricks":7,"minecraft:gravel":16,"minecraft:chiseled_polished_blackstone":1,"minecraft:blackstone":8,"minecraft:beetroot":5,"minecraft:ward_armor_trim_smithing_template":1,"minecraft:chainmail_chestplate":1,"minecraft:poppy":13,"minecraft:leather_chestplate":2,"minecraft:arrow":1,"minecraft:powered_rail":2,"alexsmobs:banana":67,"minecraft:netherrack":57,"minecraft:bread":29,"irons_spellbooks:legendary_ink":1,"minecraft:copper_ingot":18,"minecraft:acacia_log":10,"irons_spellbooks:ancient_knowledge_fragment":5,"minecraft:stick":1,"irons_spellbooks:scroll":9,"ars_nouveau:worn_notebook":1,"minecraft:milk_bucket":1,"minecraft:diorite":6,"minecraft:torch":64,"minecraft:nether_wart_block":1,"minecraft:melon_slice":4,"minecraft:iron_leggings":2,"artifacts:crystal_heart":1,"minecraft:polished_blackstone_brick_slab":1,"irons_spellbooks:common_ink":4,"minecraft:flowering_azalea":1,"minecraft:bucket":1,"minecraft:dandelion":5,"minecraft:polished_deepslate":2,"minecraft:nether_brick_slab":1,"irons_spellbooks:fire_ale":2,"minecraft:raw_copper":23,"minecraft:tuff":45,"minecraft:raw_iron":29,"ars_nouveau:frostaya_pod":3,"aa_minecraft_mod:copper_armor_helmet":2,"minecraft:flint_and_steel":1,"minecraft:iron_chestplate":1,"minecraft:andesite":7,"minecraft:mossy_stone_bricks":1,"minecraft:oak_sapling":1,"minecraft:diamond_boots":1,"minecraft:stone_pickaxe":1,"minecraft:wooden_pickaxe":1,"minecraft:raw_gold":1},"minecraft:killed_by":{"minecraft:husk":2,"alexsmobs:kangaroo":2,"minecraft:creeper":1,"minecraft:player":11,"minecraft:skeleton":4},"minecraft:crafted":{"minecraft:jungle_button":1,"minecraft:smooth_stone":1,"minecraft:blaze_powder":2,"minecraft:nether_brick":8,"minecraft:quartz_block":4,"ars_nouveau:apprentice_spell_book":2,"minecraft:glass_bottle":6,"minecraft:cooked_porkchop":6,"minecraft:acacia_slab":6,"ars_nouveau:source_jar":1,"minecraft:clock":1,"minecraft:copper_ingot":32,"minecraft:campfire":1,"irons_spellbooks:arcane_anvil":1,"minecraft:wooden_hoe":1,"minecraft:iron_pickaxe":2,"minecraft:iron_block":3,"minecraft:gold_ingot":51,"ars_nouveau:arcane_pedestal":3,"ars_nouveau:archwood_pressure_plate":1,"minecraft:lantern":1,"ars_nouveau:novice_spell_book":1,"minecraft:stone_pickaxe":1,"farmersdelight:rice":17,"irons_spellbooks:netherite_spell_book":1,"minecraft:redstone_block":1,"minecraft:dark_oak_planks":20,"irons_spellbooks:gold_spell_book":1,"minecraft:firework_star":1,"aa_minecraft_mod:copper_pickaxe":1,"farmersdelight:cooking_pot":1,"irons_spellbooks:archevoker_boots":1,"aa_minecraft_mod:copper_axe":1,"ars_nouveau:sourcestone":16,"minecraft:golden_apple":1,"minecraft:wooden_axe":2,"minecraft:iron_shovel":1,"minecraft:white_bed":1,"irons_spellbooks:inscription_table":1,"minecraft:brick":2,"minecraft:oak_planks":48,"ars_nouveau:archwood_planks":20,"minecraft:cooked_chicken":1,"minecraft:lightning_rod":1,"minecraft:stone":24,"irons_spellbooks:divine_pearl":2,"irons_spellbooks:alchemist_cauldron":1,"minecraft:bow":1,"ars_nouveau:archwood_button":1,"minecraft:chest":5,"minecraft:oak_button":1,"minecraft:oak_fence":3,"minecraft:cauldron":1,"minecraft:crafting_table":6,"minecraft:spruce_planks":12,"irons_spellbooks:archevoker_chestplate":1,"minecraft:book":1,"minecraft:paper":15,"minecraft:diamond_pickaxe":2,"minecraft:yellow_dye":1,"minecraft:stick":40,"minecraft:iron_ingot":80,"minecraft:stone_sword":2,"minecraft:gray_carpet":6,"ars_nouveau:scribes_table":1,"irons_spellbooks:amethyst_resonance_charm":1,"irons_spellbooks:magic_cloth":16,"irons_spellbooks:evocation_rune":4,"minecraft:shears":1,"minecraft:wooden_sword":2,"minecraft:coal":27,"irons_spellbooks:eldritch_manuscript":2,"minecraft:fishing_rod":1,"farmersdelight:cooked_rice":19,"minecraft:furnace":1,"aa_minecraft_mod:copper_armor_helmet":1,"ars_nouveau:archwood_slab":12,"minecraft:polished_deepslate":4,"minecraft:iron_axe":1,"ars_nouveau:agronomic_sourcelink":1,"minecraft:cooked_beef":3,"minecraft:sugar":1,"minecraft:red_dye":1,"ars_nouveau:imbuement_chamber":1,"minecraft:iron_sword":1,"minecraft:bowl":4,"minecraft:bucket":1,"minecraft:stone_axe":1,"aa_minecraft_mod:copper_sword":3,"minecraft:air":0,"minecraft:gold_nugget":9,"minecraft:anvil":1,"minecraft:acacia_planks":20,"minecraft:torch":24}},"DataVersion":3465}