{"stats":{"minecraft:custom":{"minecraft:interact_with_crafting_table":86,"minecraft:open_barrel":82,"goblintraders:trade_with_goblin":58,"minecraft:eat_cake_slice":6,"minecraft:leave_game":4,"minecraft:time_since_death":99426,"minecraft:damage_resisted":40,"minecraft:sprint_one_cm":666023,"minecraft:damage_blocked_by_shield":110,"minecraft:drop":199,"minecraft:talked_to_villager":2,"minecraft:play_time":659093,"minecraft:deaths":20,"minecraft:jump":12536,"minecraft:walk_on_water_one_cm":136368,"minecraft:interact_with_furnace":44,"minecraft:sleep_in_bed":16,"minecraft:waystone_activated":3,"minecraft:damage_dealt":39745,"minecraft:crouch_one_cm":75001,"minecraft:interact_with_anvil":1,"minecraft:interact_with_smoker":8,"minecraft:use_cauldron":1,"minecraft:inspect_dispenser":4,"minecraft:horse_one_cm":451613,"minecraft:interact_with_smithing_table":1,"minecraft:mob_kills":207,"minecraft:damage_dealt_resisted":200,"minecraft:climb_one_cm":70018,"minecraft:walk_one_cm":2052956,"minecraft:sneak_time":31848,"minecraft:walk_under_water_one_cm":121326,"minecraft:interact_with_blast_furnace":16,"minecraft:total_world_time":659093,"minecraft:tune_noteblock":9,"minecraft:interact_with_grindstone":1,"minecraft:time_since_rest":99447,"minecraft:damage_taken":14875,"minecraft:swim_one_cm":204937,"minecraft:fly_one_cm":1134220,"minecraft:open_chest":345,"minecraft:fall_one_cm":169874},"minecraft:used":{"minecraft:polished_blackstone":1,"farmersdelight:cabbage_seeds":7,"minecraft:ladder":1,"minecraft:chest":3,"minecraft:shield":9,"minecraft:nether_wart":2,"minecraft:iron_sword":863,"minecraft:player_head":1,"minecraft:rotten_flesh":18,"minecraft:iron_chestplate":3,"minecraft:soul_sand":4,"minecraft:mutton":1,"minecraft:nether_bricks":19,"minecraft:deepslate_brick_slab":2,"minecraft:obsidian":6,"minecraft:polished_blackstone_brick_wall":1,"minecraft:iron_helmet":2,"ars_nouveau:green_archwood_sapling":1,"minecraft:item_frame":1,"minecraft:rabbit_stew":2,"minecraft:bow":4,"minecraft:furnace":3,"minecraft:dark_oak_stairs":1,"minecraft:leather_leggings":1,"minecraft:oak_planks":1,"minecraft:stone_pickaxe":59,"minecraft:gray_carpet":1,"ars_nouveau:mendosteen_pod":3,"minecraft:blackstone":2,"minecraft:leather_chestplate":1,"minecraft:sugar_cane":10,"minecraft:dark_oak_trapdoor":1,"minecraft:sand":4,"ars_nouveau:agronomic_sourcelink":1,"minecraft:mushroom_stew":5,"minecraft:blast_furnace":1,"minecraft:deepslate_brick_stairs":1,"minecraft:chiseled_quartz_block":1,"farmersdelight:rice":20,"minecraft:purple_terracotta":1,"aa_minecraft_mod:copper_axe":30,"alexsmobs:terrapin_bucket":1,"waystones:waystone":1,"minecraft:red_sandstone":7,"minecraft:cyan_carpet":1,"minecraft:melon_slice":31,"minecraft:bread":44,"minecraft:brown_wool":1,"minecraft:gravel":6,"minecraft:nether_wart_block":1,"minecraft:wooden_sword":118,"minecraft:chainmail_boots":3,"minecraft:cooked_rabbit":1,"minecraft:andesite":9,"aa_minecraft_mod:copper_sword":89,"alexsmobs:banana_peel":1,"minecraft:polished_blackstone_brick_slab":2,"minecraft:stone_sword":209,"minecraft:acacia_log":3,"minecraft:flint_and_steel":4,"minecraft:cracked_deepslate_bricks":5,"minecraft:spruce_planks":2,"minecraft:cooked_chicken":3,"minecraft:netherrack":57,"minecraft:torch":9,"minecraft:dirt":137,"ars_nouveau:bastion_pod":1,"minecraft:diamond_helmet":2,"minecraft:granite":9,"minecraft:wooden_axe":63,"minecraft:rooted_dirt":26,"minecraft:iron_axe":19,"minecraft:acacia_slab":2,"ars_nouveau:imbuement_chamber":2,"minecraft:goat_horn":2,"farmersdelight:cooking_pot":1,"minecraft:cooked_beef":5,"minecraft:golden_axe":16,"minecraft:cobbled_deepslate":16,"minecraft:acacia_planks":8,"minecraft:calcite":1,"farmersdelight:cooked_rice":4,"minecraft:wheat_seeds":2,"minecraft:cooked_mutton":4,"minecraft:cyan_candle":3,"minecraft:baked_potato":1,"minecraft:deepslate_bricks":8,"minecraft:polished_blackstone_bricks":3,"minecraft:gilded_blackstone":3,"minecraft:tnt":6,"minecraft:crafting_table":8,"minecraft:dark_prismarine_slab":2,"minecraft:campfire":1,"minecraft:white_bed":1,"ars_nouveau:sourcestone":4,"irons_spellbooks:alchemist_cauldron":3,"minecraft:wooden_hoe":69,"aa_minecraft_mod:copper_pickaxe":29,"minecraft:flower_pot":1,"minecraft:diamond_pickaxe":6,"minecraft:apple":36,"ars_nouveau:source_jar":1,"alexsmobs:kangaroo_meat":1,"ars_nouveau:arcane_pedestal":3,"minecraft:oak_button":1,"minecraft:iron_pickaxe":115,"minecraft:spruce_pressure_plate":1,"minecraft:jungle_stairs":2,"minecraft:stone_axe":99,"irons_spellbooks:scroll_forge":1,"minecraft:cobblestone":73,"minecraft:potion":2,"minecraft:cooked_porkchop":13,"minecraft:bucket":5,"minecraft:pumpkin_pie":11,"minecraft:yellow_bed":1,"ars_nouveau:scribes_table":4,"irons_spellbooks:inscription_table":1},"minecraft:killed":{"minecraft:cave_spider":1,"minecraft:spider":3,"minecraft:skeleton":62,"alexsmobs:capuchin_monkey":1,"minecraft:chicken":1,"irons_spellbooks:summoned_skeleton":2,"alexsmobs:kangaroo":1,"artifacts:mimic":1,"minecraft:magma_cube":5,"minecraft:pig":5,"irons_spellbooks:necromancer":2,"minecraft:creeper":1,"alexsmobs:crimson_mosquito":3,"minecraft:sheep":7,"minecraft:pillager":5,"minecraft:zombie":31,"alexsmobs:maned_wolf":1,"alexsmobs:fly":1,"minecraft:cow":3,"irons_spellbooks:summoned_zombie":3,"minecraft:vindicator":9,"minecraft:drowned":1,"minecraft:husk":35,"irons_spellbooks:citadel_keeper":4,"alexsmobs:rhinoceros":1,"alexsmobs:gazelle":4,"ars_nouveau:whirlisprig":1,"minecraft:wither_skeleton":3,"minecraft:enderman":1},"minecraft:dropped":{"minecraft:iron_sword":1,"ars_nouveau:novice_spell_book":6,"minecraft:lapis_lazuli":15,"minecraft:cooked_beef":7,"minecraft:glass_bottle":1,"minecraft:glow_berries":4,"minecraft:cooked_porkchop":1,"minecraft:chest_minecart":1,"minecraft:cracked_stone_bricks":1,"minecraft:rooted_dirt":2,"minecraft:honeycomb":3,"minecraft:polished_blackstone_brick_wall":2,"minecraft:flint":1,"minecraft:cracked_polished_blackstone_bricks":2,"minecraft:dirt":42,"minecraft:grass":1,"minecraft:jungle_button":1,"minecraft:polished_blackstone_brick_stairs":9,"minecraft:mutton":1,"minecraft:crimson_roots":1,"farmersdelight:onion":1,"minecraft:gilded_blackstone":5,"minecraft:polished_blackstone_bricks":7,"minecraft:sugar":2,"minecraft:fermented_spider_eye":1,"minecraft:bone":1,"minecraft:waxed_cut_copper_slab":2,"minecraft:gravel":8,"ars_nouveau:archwood_pressure_plate":1,"minecraft:chiseled_polished_blackstone":1,"minecraft:stone_axe":1,"minecraft:blackstone":8,"ars_nouveau:apprentice_spell_book":1,"minecraft:cooked_chicken":1,"minecraft:cobbled_deepslate":104,"minecraft:obsidian":5,"minecraft:beetroot":5,"minecraft:rotten_flesh":3,"minecraft:white_bed":1,"minecraft:chainmail_chestplate":1,"minecraft:poppy":13,"minecraft:leather_chestplate":2,"alexsmobs:blood_sac":4,"minecraft:leather_boots":1,"minecraft:ladder":2,"minecraft:leather_leggings":2,"farmersdelight:onion_crate":3,"minecraft:arrow":1,"minecraft:powered_rail":2,"alexsmobs:banana":67,"minecraft:netherrack":57,"aa_minecraft_mod:copper_pickaxe":1,"minecraft:lectern":1,"farmersdelight:tomato_seeds":1,"minecraft:iron_ingot":32,"minecraft:bread":29,"minecraft:wheat_seeds":12,"minecraft:iron_helmet":2,"minecraft:feather":1,"minecraft:cobblestone":9,"minecraft:apple":12,"minecraft:granite":23,"minecraft:copper_ingot":16,"ars_nouveau:purple_archwood_log":1,"minecraft:acacia_log":10,"minecraft:coal":11,"minecraft:mushroom_stew":6,"minecraft:stick":1,"minecraft:oxeye_daisy":1,"irons_spellbooks:scroll":1,"ars_nouveau:worn_notebook":1,"minecraft:milk_bucket":1,"minecraft:diorite":6,"minecraft:ink_sac":1,"minecraft:wooden_axe":1,"minecraft:nether_wart_block":1,"minecraft:melon_slice":4,"minecraft:diamond_helmet":1,"minecraft:potion":1,"minecraft:iron_leggings":2,"minecraft:pumpkin":2,"minecraft:polished_blackstone_brick_slab":1,"minecraft:flowering_azalea":1,"minecraft:bucket":1,"minecraft:acacia_planks":58,"minecraft:beetroot_soup":1,"ars_nouveau:caster_tome":1,"minecraft:dandelion":5,"minecraft:nether_brick_slab":1,"irons_spellbooks:fire_ale":2,"alexsmobs:acacia_blossom":2,"minecraft:player_head":3,"minecraft:stone_sword":2,"minecraft:raw_copper":23,"minecraft:bowl":6,"minecraft:tuff":41,"minecraft:raw_iron":29,"aa_minecraft_mod:copper_armor_helmet":2,"minecraft:allium":3,"minecraft:diamond_pickaxe":1,"minecraft:iron_chestplate":1,"minecraft:mossy_stone_bricks":1,"minecraft:stone_pickaxe":1,"minecraft:wooden_pickaxe":1,"minecraft:raw_gold":1,"aa_minecraft_mod:copper_sword":3,"minecraft:dark_prismarine":6},"minecraft:crafted":{"minecraft:jungle_button":1,"minecraft:smooth_stone":1,"minecraft:oak_planks":48,"ars_nouveau:archwood_planks":20,"minecraft:blaze_powder":2,"minecraft:cooked_chicken":1,"minecraft:stone":24,"minecraft:nether_brick":8,"irons_spellbooks:alchemist_cauldron":1,"minecraft:quartz_block":4,"minecraft:bow":1,"ars_nouveau:archwood_button":1,"minecraft:chest":3,"minecraft:oak_button":1,"ars_nouveau:apprentice_spell_book":2,"minecraft:oak_fence":3,"minecraft:glass_bottle":3,"minecraft:cauldron":1,"minecraft:cooked_porkchop":6,"minecraft:crafting_table":6,"minecraft:spruce_planks":12,"minecraft:acacia_slab":6,"ars_nouveau:source_jar":1,"minecraft:clock":1,"minecraft:copper_ingot":32,"minecraft:campfire":1,"minecraft:yellow_dye":1,"minecraft:book":1,"minecraft:wooden_hoe":1,"minecraft:paper":6,"minecraft:diamond_pickaxe":2,"minecraft:stick":40,"minecraft:iron_pickaxe":2,"minecraft:iron_ingot":80,"minecraft:iron_block":3,"minecraft:stone_sword":2,"minecraft:gold_ingot":42,"ars_nouveau:scribes_table":1,"ars_nouveau:arcane_pedestal":3,"minecraft:wooden_sword":2,"minecraft:coal":27,"minecraft:fishing_rod":1,"farmersdelight:cooked_rice":5,"ars_nouveau:archwood_pressure_plate":1,"minecraft:furnace":1,"aa_minecraft_mod:copper_armor_helmet":1,"ars_nouveau:archwood_slab":12,"minecraft:lantern":1,"ars_nouveau:novice_spell_book":1,"minecraft:polished_deepslate":4,"minecraft:iron_axe":1,"minecraft:stone_pickaxe":1,"farmersdelight:rice":10,"minecraft:redstone_block":1,"ars_nouveau:agronomic_sourcelink":1,"minecraft:dark_oak_planks":20,"irons_spellbooks:gold_spell_book":1,"minecraft:cooked_beef":3,"minecraft:sugar":1,"minecraft:red_dye":1,"minecraft:firework_star":1,"ars_nouveau:imbuement_chamber":1,"aa_minecraft_mod:copper_pickaxe":1,"minecraft:iron_sword":1,"minecraft:bowl":4,"farmersdelight:cooking_pot":1,"minecraft:bucket":1,"minecraft:stone_axe":1,"aa_minecraft_mod:copper_sword":3,"minecraft:air":0,"aa_minecraft_mod:copper_axe":1,"ars_nouveau:sourcestone":16,"minecraft:golden_apple":1,"minecraft:gold_nugget":9,"minecraft:wooden_axe":2,"minecraft:iron_shovel":1,"minecraft:anvil":1,"minecraft:white_bed":1,"irons_spellbooks:inscription_table":1,"minecraft:acacia_planks":4,"minecraft:torch":24,"minecraft:brick":2},"minecraft:mined":{"minecraft:dark_oak_planks":10,"minecraft:waxed_cut_copper_slab":2,"minecraft:spruce_planks":12,"minecraft:jungle_leaves":19,"minecraft:obsidian":4,"minecraft:acacia_log":15,"minecraft:grass_block":19,"ars_nouveau:bastion_pod":2,"minecraft:coal_block":10,"minecraft:spawner":10,"minecraft:dark_oak_trapdoor":1,"minecraft:iron_ore":5,"minecraft:fire":8,"minecraft:stripped_dark_oak_wood":1,"minecraft:dark_oak_stairs":1,"ars_nouveau:red_archwood_log":1,"minecraft:light_gray_concrete":2,"farmersdelight:rice_panicles":10,"minecraft:azalea_leaves":1,"minecraft:player_head":2,"minecraft:spruce_slab":1,"minecraft:tripwire":2,"ars_nouveau:light_block":23,"minecraft:chiseled_quartz_block":1,"minecraft:torch":2,"minecraft:jungle_stairs":2,"minecraft:blast_furnace":1,"minecraft:poppy":7,"minecraft:melon":7,"minecraft:chest":1,"minecraft:dead_bush":1,"minecraft:nether_brick_slab":1,"farmersdelight:cabbages":1,"minecraft:cobblestone":2,"minecraft:sugar_cane":8,"ars_nouveau:scribes_table":2,"ars_nouveau:red_archwood_leaves":38,"minecraft:wall_torch":3,"minecraft:cyan_wool":2,"minecraft:wheat":1,"minecraft:nether_wart_block":1,"minecraft:blue_ice":1,"minecraft:tnt":6,"minecraft:stone_brick_stairs":1,"minecraft:smooth_stone_slab":1,"minecraft:grass":97,"minecraft:oak_log":8,"minecraft:smooth_quartz":4,"minecraft:sand":1,"minecraft:dirt":12,"minecraft:crimson_planks":1,"minecraft:netherrack":8,"minecraft:oak_leaves":32,"minecraft:dark_prismarine":9,"minecraft:tuff":6,"ars_nouveau:green_archwood_leaves":79,"minecraft:nether_bricks":2,"minecraft:purple_terracotta":1,"minecraft:jungle_planks":9,"minecraft:crimson_roots":2,"minecraft:rooted_dirt":28,"minecraft:hay_block":29,"minecraft:black_stained_glass_pane":1,"minecraft:furnace":1,"ars_nouveau:mendosteen_pod":1,"minecraft:bookshelf":12,"minecraft:vine":9,"minecraft:stripped_oak_log":1,"minecraft:bamboo":2,"minecraft:stone":30,"minecraft:bone_block":33,"ars_nouveau:purple_archwood_log":6,"minecraft:acacia_leaves":1,"minecraft:dandelion":6,"minecraft:crafting_table":3,"minecraft:cornflower":1,"minecraft:lectern":1,"minecraft:potted_oxeye_daisy":1,"minecraft:copper_ore":5,"farmersdelight:wild_tomatoes":1,"minecraft:lapis_ore":7,"minecraft:spruce_stairs":1,"farmersdelight:wild_beetroots":1,"ars_nouveau:blue_archwood_log":33,"minecraft:spruce_log":3,"minecraft:dark_prismarine_slab":3,"minecraft:yellow_bed":1,"minecraft:coal_ore":27,"minecraft:gravel":3,"minecraft:cyan_carpet":1,"minecraft:cobweb":5,"ars_nouveau:imbuement_chamber":1,"minecraft:fern":19},"minecraft:broken":{"aa_minecraft_mod:copper_sword":3,"aa_minecraft_mod:copper_axe":1,"minecraft:wooden_sword":2,"minecraft:stone_axe":1,"minecraft:iron_sword":2,"minecraft:wooden_axe":1,"minecraft:stone_sword":1,"minecraft:golden_axe":1,"minecraft:wooden_hoe":1},"minecraft:killed_by":{"minecraft:creeper":1,"minecraft:husk":2,"minecraft:player":7,"minecraft:skeleton":4,"alexsmobs:kangaroo":2},"minecraft:picked_up":{"irons_spellbooks:scroll":6,"minecraft:iron_chestplate":14,"minecraft:wheat":1,"minecraft:anvil":1,"minecraft:chainmail_boots":5,"minecraft:flower_pot":3,"farmersdelight:rice_panicle":10,"minecraft:potion":17,"ars_nouveau:bombegranate_pod":1,"minecraft:gilded_blackstone":8,"minecraft:stone_brick_stairs":1,"minecraft:crimson_planks":1,"ars_nouveau:glyph_craft":1,"minecraft:dark_oak_trapdoor":1,"alexsmobs:gazelle_horn":2,"minecraft:polished_blackstone_brick_stairs":9,"minecraft:string":67,"aa_minecraft_mod:copper_sword":5,"minecraft:waxed_cut_copper_slab":2,"minecraft:raw_copper":238,"minecraft:smooth_stone_slab":2,"minecraft:iron_leggings":7,"minecraft:beetroot_soup":2,"minecraft:beetroot":15,"irons_spellbooks:arcane_essence":14,"irons_spellbooks:fire_ale":3,"alexsmobs:blood_sac":4,"alexsmobs:banana":9,"minecraft:gold_nugget":64,"minecraft:cobbled_deepslate":163,"minecraft:bucket":1,"minecraft:spruce_planks":6,"minecraft:calcite":1,"ars_nouveau:mendosteen_pod":6,"minecraft:iron_pickaxe":6,"minecraft:smooth_quartz":4,"minecraft:melon_slice":35,"minecraft:coal_block":10,"irons_spellbooks:inscription_table":1,"farmersdelight:cabbage_seeds":4,"alexsmobs:banana_peel":1,"minecraft:iron_boots":4,"minecraft:furnace":2,"minecraft:spruce_pressure_plate":1,"minecraft:polished_blackstone_brick_slab":5,"minecraft:stick":48,"minecraft:acacia_fence":1,"minecraft:oak_fence":1,"minecraft:torch":109,"minecraft:acacia_log":115,"minecraft:spruce_stairs":1,"minecraft:porkchop":20,"minecraft:golden_axe":1,"minecraft:diorite":6,"minecraft:stone_sword":3,"minecraft:rotten_flesh":132,"minecraft:vex_armor_trim_smithing_template":1,"farmersdelight:onion":1,"ars_nouveau:worn_notebook":1,"ars_nouveau:apprentice_spell_book":9,"ars_nouveau:imbuement_chamber":1,"minecraft:iron_block":5,"farmersdelight:rope":5,"minecraft:blaze_rod":65,"ars_nouveau:glyph_touch":10,"minecraft:deepslate_brick_stairs":1,"minecraft:obsidian":24,"minecraft:cobblestone":366,"minecraft:leather_chestplate":1,"farmersdelight:rice":10,"minecraft:feather":1,"minecraft:cooked_beef":47,"minecraft:repeater":22,"minecraft:andesite":9,"minecraft:brown_wool":1,"minecraft:flint":3,"minecraft:chiseled_quartz_block":2,"minecraft:tuff":41,"irons_spellbooks:keeper_flamberge":1,"ars_nouveau:glyph_amplify":1,"ars_nouveau:scribes_table":3,"minecraft:lapis_lazuli":281,"minecraft:dirt":183,"minecraft:name_tag":1,"minecraft:leather_boots":1,"minecraft:bone":137,"minecraft:acacia_planks":154,"minecraft:bow":5,"minecraft:wheat_seeds":15,"ars_nouveau:source_gem":11,"minecraft:powered_rail":2,"minecraft:deepslate_brick_slab":2,"minecraft:raw_gold":39,"minecraft:mossy_stone_bricks":1,"minecraft:diamond_helmet":5,"minecraft:bamboo":3,"minecraft:cyan_candle":3,"minecraft:glowstone_dust":70,"minecraft:honeycomb":3,"ars_nouveau:glyph_extend_time":1,"minecraft:oak_planks":27,"minecraft:cooked_porkchop":18,"minecraft:chiseled_polished_blackstone":1,"minecraft:sand":14,"ars_nouveau:music_disc_aria_biblio":1,"minecraft:jungle_planks":9,"minecraft:ink_sac":1,"minecraft:fermented_spider_eye":5,"ars_nouveau:sourcestone":20,"ars_nouveau:wilden_horn":2,"alexsmobs:animal_dictionary":1,"minecraft:dark_prismarine":6,"minecraft:light_gray_concrete":1,"minecraft:stripped_acacia_log":1,"minecraft:dark_prismarine_slab":2,"minecraft:sugar":6,"minecraft:diamond":26,"waystones:waystone":1,"minecraft:cracked_polished_blackstone_bricks":3,"ars_nouveau:glyph_summon_steed":1,"minecraft:granite":32,"minecraft:chest_minecart":1,"minecraft:golden_apple":16,"minecraft:bread":126,"minecraft:emerald":32,"minecraft:rooted_dirt":28,"ars_nouveau:glyph_heal":1,"irons_spellbooks:uncommon_ink":3,"minecraft:netherrack":307,"minecraft:clay_ball":12,"minecraft:crimson_roots":1,"ars_nouveau:red_archwood_log":1,"minecraft:fishing_rod":1,"minecraft:crafting_table":5,"minecraft:allium":3,"minecraft:ladder":3,"minecraft:chicken":1,"minecraft:nether_wart":2,"minecraft:rabbit_stew":3,"minecraft:turtle_helmet":4,"minecraft:leather_leggings":4,"irons_spellbooks:tarnished_helmet":3,"minecraft:wooden_pickaxe":1,"minecraft:cooked_rabbit":1,"minecraft:gold_block":36,"minecraft:shield":1,"minecraft:cornflower":1,"ars_nouveau:glyph_break":1,"minecraft:iron_axe":2,"minecraft:wooden_sword":1,"minecraft:netherite_scrap":4,"ars_nouveau:glyph_pull":1,"minecraft:item_frame":1,"minecraft:white_carpet":1,"minecraft:cyan_carpet":1,"minecraft:blackstone":13,"minecraft:cracked_stone_bricks":2,"minecraft:beef":69,"minecraft:player_head":3,"minecraft:iron_nugget":184,"minecraft:poppy":14,"minecraft:spruce_slab":1,"alexsmobs:terrapin_bucket":1,"irons_spellbooks:emerald_stoneplate_ring":7,"minecraft:lectern":3,"minecraft:sugar_cane":52,"minecraft:chest":1,"minecraft:egg":1,"minecraft:raw_iron":909,"ars_nouveau:purple_archwood_log":58,"minecraft:stone":52,"minecraft:copper_ingot":23,"minecraft:bowl":2,"ars_nouveau:blue_archwood_log":34,"minecraft:note_block":28,"ars_nouveau:purple_archwood_sapling":2,"minecraft:polished_blackstone_bricks":12,"farmersdelight:tomato_seeds":3,"ars_nouveau:frostaya_pod":1,"minecraft:carrot":12,"minecraft:redstone":1,"irons_spellbooks:alchemist_cauldron":2,"minecraft:purple_terracotta":1,"minecraft:dark_oak_planks":13,"ars_nouveau:green_archwood_log":19,"minecraft:tnt":6,"minecraft:arrow":107,"ars_nouveau:abjuration_essence":1,"minecraft:pumpkin_pie":41,"minecraft:jungle_stairs":2,"minecraft:nether_bricks":19,"minecraft:glow_berries":8,"minecraft:deepslate_bricks":8,"minecraft:hay_block":57,"minecraft:cracked_deepslate_bricks":5,"minecraft:stripped_dark_oak_wood":1,"artifacts:cross_necklace":7,"minecraft:gold_ingot":18,"minecraft:glistering_melon_slice":60,"minecraft:polished_blackstone":1,"alexsmobs:kangaroo_meat":1,"minecraft:mutton":22,"minecraft:white_wool":17,"minecraft:bone_block":33,"minecraft:rail":5,"minecraft:oxeye_daisy":1,"minecraft:stripped_oak_log":1,"minecraft:crimson_stem":5,"minecraft:leather":20,"alexsmobs:acacia_blossom":2,"minecraft:mushroom_stew":24,"ars_nouveau:wilden_wing":3,"artifacts:cloud_in_a_bottle":1,"minecraft:oak_log":20,"minecraft:chainmail_chestplate":3,"minecraft:yellow_bed":1,"minecraft:nether_wart_block":2,"minecraft:gunpowder":184,"minecraft:wooden_hoe":4,"minecraft:paper":16,"minecraft:cooked_mutton":4,"irons_spellbooks:common_ink":4,"ars_nouveau:green_archwood_sapling":1,"minecraft:gray_carpet":1,"minecraft:apple":277,"minecraft:stone_bricks":2,"minecraft:red_sandstone":7,"minecraft:iron_ingot":77,"minecraft:stone_pickaxe":3,"minecraft:cooked_chicken":9,"irons_spellbooks:cinder_essence":4,"minecraft:iron_sword":7,"minecraft:flowering_azalea":1,"minecraft:soul_sand":4,"minecraft:dark_oak_stairs":1,"minecraft:book":123,"artifacts:obsidian_skull":7,"minecraft:milk_bucket":8,"minecraft:pumpkin":4,"ars_nouveau:red_archwood_sapling":1,"minecraft:quartz":27,"minecraft:dandelion":16,"ars_nouveau:novice_spell_book":13,"minecraft:gravel":24,"aa_minecraft_mod:copper_pickaxe":5,"ars_nouveau:bastion_pod":2,"minecraft:blast_furnace":5,"minecraft:white_bed":2,"minecraft:spruce_log":3,"minecraft:nether_brick_slab":1,"minecraft:spider_eye":2,"aa_minecraft_mod:copper_armor_helmet":1,"ars_nouveau:glyph_light":1,"minecraft:stone_axe":1,"minecraft:iron_helmet":7,"ars_nouveau:glyph_aoe":1,"minecraft:polished_blackstone_brick_wall":3,"minecraft:baked_potato":1,"minecraft:acacia_slab":4,"minecraft:coal":233}},"DataVersion":3465}