{"stats":{"minecraft:custom":{"minecraft:interact_with_crafting_table":45,"minecraft:open_barrel":39,"goblintraders:trade_with_goblin":58,"minecraft:eat_cake_slice":6,"minecraft:leave_game":2,"minecraft:time_since_death":59003,"minecraft:damage_resisted":40,"minecraft:sprint_one_cm":394288,"minecraft:damage_blocked_by_shield":110,"minecraft:drop":94,"minecraft:talked_to_villager":2,"minecraft:play_time":338769,"minecraft:deaths":12,"minecraft:jump":8606,"minecraft:walk_on_water_one_cm":86426,"minecraft:interact_with_furnace":20,"minecraft:sleep_in_bed":8,"minecraft:waystone_activated":2,"minecraft:damage_dealt":38816,"minecraft:crouch_one_cm":46213,"minecraft:interact_with_smoker":8,"minecraft:use_cauldron":1,"minecraft:inspect_dispenser":4,"minecraft:mob_kills":174,"minecraft:damage_dealt_resisted":200,"minecraft:climb_one_cm":53761,"minecraft:walk_one_cm":1093467,"minecraft:sneak_time":19273,"minecraft:walk_under_water_one_cm":93778,"minecraft:interact_with_blast_furnace":7,"minecraft:total_world_time":338769,"minecraft:tune_noteblock":9,"minecraft:time_since_rest":35237,"minecraft:damage_taken":8692,"minecraft:swim_one_cm":186923,"minecraft:fly_one_cm":755875,"minecraft:open_chest":128,"minecraft:fall_one_cm":117394},"minecraft:mined":{"minecraft:dark_oak_planks":10,"minecraft:waxed_cut_copper_slab":2,"minecraft:spruce_planks":12,"minecraft:jungle_leaves":19,"minecraft:acacia_log":15,"minecraft:grass_block":16,"ars_nouveau:bastion_pod":2,"minecraft:coal_block":10,"minecraft:spawner":10,"minecraft:dark_oak_trapdoor":1,"minecraft:iron_ore":5,"minecraft:stripped_dark_oak_wood":1,"minecraft:dark_oak_stairs":1,"ars_nouveau:red_archwood_log":1,"minecraft:light_gray_concrete":2,"minecraft:azalea_leaves":1,"minecraft:player_head":2,"minecraft:spruce_slab":1,"minecraft:tripwire":2,"ars_nouveau:light_block":12,"minecraft:chiseled_quartz_block":1,"minecraft:torch":2,"minecraft:jungle_stairs":2,"minecraft:blast_furnace":1,"minecraft:poppy":6,"minecraft:melon":7,"minecraft:chest":1,"minecraft:dead_bush":1,"minecraft:nether_brick_slab":1,"farmersdelight:cabbages":1,"minecraft:sugar_cane":5,"ars_nouveau:red_archwood_leaves":38,"minecraft:wall_torch":3,"minecraft:cyan_wool":2,"minecraft:tnt":6,"minecraft:stone_brick_stairs":1,"minecraft:smooth_stone_slab":1,"minecraft:grass":80,"minecraft:oak_log":8,"minecraft:smooth_quartz":4,"minecraft:sand":1,"minecraft:dirt":12,"minecraft:crimson_planks":1,"minecraft:oak_leaves":32,"minecraft:dark_prismarine":9,"minecraft:tuff":6,"minecraft:purple_terracotta":1,"minecraft:jungle_planks":9,"minecraft:rooted_dirt":28,"minecraft:hay_block":29,"minecraft:black_stained_glass_pane":1,"minecraft:furnace":1,"minecraft:bookshelf":12,"minecraft:vine":4,"minecraft:stripped_oak_log":1,"minecraft:bamboo":2,"minecraft:stone":30,"minecraft:bone_block":33,"ars_nouveau:purple_archwood_log":6,"minecraft:acacia_leaves":1,"minecraft:dandelion":5,"minecraft:crafting_table":3,"minecraft:cornflower":1,"minecraft:lectern":1,"minecraft:potted_oxeye_daisy":1,"minecraft:copper_ore":5,"farmersdelight:wild_tomatoes":1,"minecraft:lapis_ore":7,"minecraft:spruce_stairs":1,"farmersdelight:wild_beetroots":1,"ars_nouveau:blue_archwood_log":33,"minecraft:spruce_log":3,"minecraft:dark_prismarine_slab":3,"minecraft:yellow_bed":1,"minecraft:coal_ore":27,"minecraft:cyan_carpet":1,"minecraft:cobweb":5,"ars_nouveau:imbuement_chamber":1,"minecraft:fern":19},"minecraft:broken":{"aa_minecraft_mod:copper_sword":3,"aa_minecraft_mod:copper_axe":1,"minecraft:wooden_sword":2,"minecraft:stone_axe":1,"minecraft:iron_sword":2,"minecraft:wooden_axe":1,"minecraft:stone_sword":1,"minecraft:golden_axe":1,"minecraft:wooden_hoe":1},"minecraft:used":{"farmersdelight:cabbage_seeds":7,"minecraft:ladder":1,"minecraft:chest":1,"minecraft:shield":9,"minecraft:iron_sword":863,"minecraft:player_head":1,"minecraft:rotten_flesh":10,"minecraft:iron_chestplate":1,"minecraft:mutton":1,"minecraft:iron_helmet":2,"minecraft:item_frame":1,"minecraft:rabbit_stew":2,"minecraft:bow":4,"minecraft:furnace":3,"minecraft:dark_oak_stairs":1,"minecraft:leather_leggings":1,"minecraft:stone_pickaxe":21,"minecraft:oak_planks":1,"minecraft:leather_chestplate":1,"minecraft:sugar_cane":10,"minecraft:dark_oak_trapdoor":1,"minecraft:sand":2,"minecraft:mushroom_stew":5,"minecraft:blast_furnace":1,"minecraft:chiseled_quartz_block":1,"farmersdelight:rice":6,"minecraft:purple_terracotta":1,"aa_minecraft_mod:copper_axe":30,"alexsmobs:terrapin_bucket":1,"waystones:waystone":1,"minecraft:red_sandstone":7,"minecraft:cyan_carpet":1,"minecraft:melon_slice":31,"minecraft:bread":18,"minecraft:brown_wool":1,"minecraft:wooden_sword":118,"minecraft:chainmail_boots":3,"minecraft:cooked_rabbit":1,"aa_minecraft_mod:copper_sword":89,"alexsmobs:banana_peel":1,"minecraft:acacia_log":1,"minecraft:stone_sword":207,"minecraft:spruce_planks":2,"minecraft:cooked_chicken":3,"minecraft:torch":9,"minecraft:dirt":15,"ars_nouveau:bastion_pod":1,"minecraft:diamond_helmet":2,"minecraft:granite":8,"minecraft:wooden_axe":63,"minecraft:rooted_dirt":26,"minecraft:iron_axe":19,"minecraft:acacia_slab":2,"ars_nouveau:imbuement_chamber":2,"minecraft:cooked_beef":5,"minecraft:acacia_planks":4,"minecraft:golden_axe":16,"minecraft:calcite":1,"minecraft:wheat_seeds":1,"minecraft:cooked_mutton":4,"minecraft:cyan_candle":3,"minecraft:baked_potato":1,"minecraft:dark_prismarine_slab":2,"minecraft:tnt":6,"minecraft:crafting_table":7,"minecraft:white_bed":1,"minecraft:wooden_hoe":69,"aa_minecraft_mod:copper_pickaxe":29,"minecraft:flower_pot":1,"minecraft:apple":10,"minecraft:oak_button":1,"alexsmobs:kangaroo_meat":1,"minecraft:iron_pickaxe":115,"minecraft:spruce_pressure_plate":1,"minecraft:jungle_stairs":2,"minecraft:stone_axe":99,"minecraft:cobblestone":40,"minecraft:cooked_porkchop":11,"minecraft:bucket":2,"minecraft:pumpkin_pie":11,"ars_nouveau:scribes_table":1},"minecraft:picked_up":{"minecraft:iron_chestplate":8,"minecraft:chainmail_boots":5,"minecraft:flower_pot":3,"minecraft:potion":4,"ars_nouveau:bombegranate_pod":1,"minecraft:stone_brick_stairs":1,"minecraft:crimson_planks":1,"ars_nouveau:glyph_craft":1,"aa_minecraft_mod:copper_sword":5,"alexsmobs:gazelle_horn":2,"minecraft:string":65,"minecraft:dark_oak_trapdoor":1,"minecraft:waxed_cut_copper_slab":2,"minecraft:raw_copper":228,"minecraft:smooth_stone_slab":2,"minecraft:iron_leggings":7,"minecraft:beetroot_soup":2,"minecraft:beetroot":15,"irons_spellbooks:arcane_essence":4,"alexsmobs:banana":9,"minecraft:gold_nugget":12,"minecraft:cobbled_deepslate":41,"minecraft:bucket":1,"minecraft:spruce_planks":6,"minecraft:calcite":1,"minecraft:smooth_quartz":4,"minecraft:iron_pickaxe":6,"minecraft:melon_slice":35,"minecraft:coal_block":10,"farmersdelight:cabbage_seeds":1,"alexsmobs:banana_peel":1,"minecraft:iron_boots":4,"minecraft:furnace":2,"minecraft:spruce_pressure_plate":1,"minecraft:stick":24,"minecraft:acacia_fence":1,"minecraft:torch":76,"minecraft:acacia_log":76,"minecraft:spruce_stairs":1,"minecraft:porkchop":13,"minecraft:golden_axe":1,"minecraft:stone_sword":2,"minecraft:rotten_flesh":108,"minecraft:vex_armor_trim_smithing_template":1,"farmersdelight:onion":1,"ars_nouveau:worn_notebook":1,"ars_nouveau:imbuement_chamber":1,"ars_nouveau:glyph_touch":10,"minecraft:obsidian":3,"minecraft:cobblestone":205,"minecraft:leather_chestplate":1,"minecraft:feather":1,"minecraft:cooked_beef":47,"minecraft:repeater":22,"minecraft:andesite":1,"minecraft:brown_wool":1,"minecraft:chiseled_quartz_block":2,"minecraft:tuff":31,"minecraft:lapis_lazuli":244,"minecraft:dirt":34,"minecraft:name_tag":1,"minecraft:leather_boots":1,"minecraft:bone":135,"minecraft:acacia_planks":149,"minecraft:bow":5,"minecraft:wheat_seeds":9,"minecraft:raw_gold":28,"minecraft:cyan_candle":3,"minecraft:diamond_helmet":5,"minecraft:bamboo":3,"minecraft:oak_planks":7,"minecraft:cooked_porkchop":18,"minecraft:jungle_planks":9,"ars_nouveau:music_disc_aria_biblio":1,"minecraft:sand":2,"alexsmobs:animal_dictionary":1,"minecraft:dark_prismarine":6,"minecraft:stripped_acacia_log":1,"minecraft:light_gray_concrete":1,"minecraft:dark_prismarine_slab":2,"minecraft:diamond":1,"waystones:waystone":1,"minecraft:granite":9,"minecraft:golden_apple":15,"minecraft:emerald":12,"minecraft:bread":33,"minecraft:rooted_dirt":28,"ars_nouveau:red_archwood_log":1,"minecraft:fishing_rod":1,"minecraft:crafting_table":4,"minecraft:allium":3,"minecraft:chicken":1,"minecraft:ladder":3,"minecraft:turtle_helmet":4,"minecraft:rabbit_stew":3,"minecraft:leather_leggings":4,"irons_spellbooks:tarnished_helmet":3,"minecraft:wooden_pickaxe":1,"minecraft:cooked_rabbit":1,"minecraft:shield":1,"minecraft:cornflower":1,"minecraft:wooden_sword":1,"minecraft:iron_axe":2,"ars_nouveau:glyph_break":1,"minecraft:item_frame":1,"ars_nouveau:glyph_pull":1,"minecraft:white_carpet":1,"minecraft:cyan_carpet":1,"minecraft:cracked_stone_bricks":1,"minecraft:beef":3,"minecraft:player_head":3,"minecraft:iron_nugget":70,"minecraft:poppy":13,"alexsmobs:terrapin_bucket":1,"minecraft:spruce_slab":1,"minecraft:lectern":3,"minecraft:sugar_cane":48,"minecraft:chest":1,"minecraft:egg":1,"minecraft:raw_iron":154,"ars_nouveau:purple_archwood_log":58,"minecraft:copper_ingot":23,"minecraft:bowl":2,"minecraft:note_block":28,"ars_nouveau:purple_archwood_sapling":2,"ars_nouveau:blue_archwood_log":34,"farmersdelight:tomato_seeds":3,"ars_nouveau:frostaya_pod":1,"minecraft:carrot":12,"minecraft:redstone":1,"minecraft:purple_terracotta":1,"minecraft:dark_oak_planks":13,"minecraft:tnt":6,"minecraft:arrow":106,"minecraft:pumpkin_pie":41,"minecraft:jungle_stairs":2,"minecraft:hay_block":57,"minecraft:stripped_dark_oak_wood":1,"artifacts:cross_necklace":1,"minecraft:glistering_melon_slice":44,"minecraft:gold_ingot":18,"minecraft:mutton":22,"minecraft:bone_block":33,"minecraft:rail":1,"alexsmobs:kangaroo_meat":1,"minecraft:white_wool":17,"minecraft:oxeye_daisy":1,"minecraft:stripped_oak_log":1,"minecraft:leather":6,"alexsmobs:acacia_blossom":2,"minecraft:mushroom_stew":24,"ars_nouveau:wilden_wing":3,"minecraft:oak_log":15,"minecraft:chainmail_chestplate":3,"minecraft:yellow_bed":1,"minecraft:wooden_hoe":4,"minecraft:cooked_mutton":4,"minecraft:apple":274,"minecraft:stone_bricks":2,"minecraft:red_sandstone":7,"minecraft:iron_ingot":77,"minecraft:stone_pickaxe":2,"minecraft:cooked_chicken":9,"minecraft:iron_sword":7,"minecraft:flowering_azalea":1,"minecraft:dark_oak_stairs":1,"minecraft:book":122,"artifacts:obsidian_skull":1,"minecraft:pumpkin":4,"ars_nouveau:red_archwood_sapling":1,"minecraft:dandelion":15,"ars_nouveau:novice_spell_book":7,"minecraft:gravel":2,"aa_minecraft_mod:copper_pickaxe":5,"ars_nouveau:bastion_pod":2,"minecraft:blast_furnace":5,"minecraft:white_bed":2,"minecraft:spruce_log":3,"minecraft:nether_brick_slab":1,"minecraft:spider_eye":2,"aa_minecraft_mod:copper_armor_helmet":1,"ars_nouveau:glyph_light":1,"minecraft:stone_axe":1,"minecraft:iron_helmet":7,"minecraft:baked_potato":1,"minecraft:acacia_slab":1,"minecraft:coal":224},"minecraft:killed":{"minecraft:cave_spider":1,"minecraft:spider":1,"minecraft:skeleton":60,"alexsmobs:capuchin_monkey":1,"minecraft:chicken":1,"irons_spellbooks:summoned_skeleton":2,"alexsmobs:kangaroo":1,"artifacts:mimic":1,"minecraft:magma_cube":5,"minecraft:pig":5,"irons_spellbooks:necromancer":1,"minecraft:sheep":7,"minecraft:pillager":4,"minecraft:zombie":19,"alexsmobs:maned_wolf":1,"alexsmobs:fly":1,"minecraft:cow":3,"irons_spellbooks:summoned_zombie":3,"minecraft:vindicator":9,"minecraft:drowned":1,"minecraft:husk":35,"alexsmobs:rhinoceros":1,"alexsmobs:gazelle":4,"ars_nouveau:whirlisprig":1,"minecraft:enderman":1},"minecraft:dropped":{"minecraft:iron_sword":1,"minecraft:cooked_beef":7,"minecraft:cooked_porkchop":1,"minecraft:rooted_dirt":2,"minecraft:dirt":7,"minecraft:grass":1,"minecraft:jungle_button":1,"minecraft:mutton":1,"farmersdelight:onion":1,"minecraft:waxed_cut_copper_slab":2,"ars_nouveau:archwood_pressure_plate":1,"minecraft:stone_axe":1,"minecraft:cooked_chicken":1,"minecraft:cobbled_deepslate":8,"minecraft:beetroot":5,"minecraft:rotten_flesh":3,"minecraft:white_bed":1,"minecraft:chainmail_chestplate":1,"minecraft:poppy":13,"minecraft:leather_chestplate":2,"minecraft:leather_boots":1,"minecraft:leather_leggings":2,"minecraft:arrow":1,"alexsmobs:banana":67,"aa_minecraft_mod:copper_pickaxe":1,"minecraft:lectern":1,"farmersdelight:tomato_seeds":1,"minecraft:iron_ingot":32,"minecraft:bread":20,"minecraft:wheat_seeds":7,"minecraft:feather":1,"minecraft:iron_helmet":2,"minecraft:cobblestone":9,"minecraft:copper_ingot":16,"ars_nouveau:purple_archwood_log":1,"minecraft:acacia_log":10,"minecraft:coal":10,"minecraft:mushroom_stew":6,"minecraft:stick":1,"minecraft:oxeye_daisy":1,"ars_nouveau:worn_notebook":1,"minecraft:wooden_axe":1,"minecraft:melon_slice":4,"minecraft:potion":1,"minecraft:iron_leggings":2,"minecraft:pumpkin":2,"minecraft:flowering_azalea":1,"minecraft:bucket":1,"minecraft:acacia_planks":55,"minecraft:beetroot_soup":1,"minecraft:dandelion":5,"minecraft:nether_brick_slab":1,"alexsmobs:acacia_blossom":2,"minecraft:player_head":2,"minecraft:raw_copper":13,"minecraft:bowl":6,"minecraft:tuff":31,"minecraft:raw_iron":29,"aa_minecraft_mod:copper_armor_helmet":2,"minecraft:allium":3,"minecraft:iron_chestplate":1,"minecraft:stone_pickaxe":1,"minecraft:wooden_pickaxe":1,"aa_minecraft_mod:copper_sword":3,"minecraft:dark_prismarine":6},"minecraft:killed_by":{"minecraft:creeper":1,"minecraft:husk":2,"minecraft:skeleton":4,"alexsmobs:kangaroo":2},"minecraft:crafted":{"minecraft:jungle_button":1,"minecraft:oak_planks":40,"ars_nouveau:archwood_planks":12,"minecraft:cooked_chicken":1,"minecraft:bow":1,"ars_nouveau:archwood_button":1,"minecraft:chest":1,"minecraft:oak_button":1,"minecraft:cooked_porkchop":4,"minecraft:crafting_table":6,"minecraft:spruce_planks":12,"minecraft:copper_ingot":32,"minecraft:book":1,"minecraft:wooden_hoe":1,"minecraft:paper":3,"minecraft:stick":40,"minecraft:iron_ingot":80,"minecraft:iron_pickaxe":2,"minecraft:stone_sword":2,"minecraft:gold_ingot":42,"ars_nouveau:scribes_table":1,"minecraft:wooden_sword":2,"minecraft:coal":18,"minecraft:fishing_rod":1,"ars_nouveau:archwood_pressure_plate":1,"minecraft:furnace":1,"aa_minecraft_mod:copper_armor_helmet":1,"ars_nouveau:archwood_slab":6,"minecraft:lantern":1,"ars_nouveau:novice_spell_book":1,"minecraft:iron_axe":1,"minecraft:stone_pickaxe":1,"minecraft:dark_oak_planks":4,"minecraft:cooked_beef":3,"ars_nouveau:imbuement_chamber":1,"aa_minecraft_mod:copper_pickaxe":1,"minecraft:iron_sword":1,"minecraft:stone_axe":1,"aa_minecraft_mod:copper_sword":3,"minecraft:air":0,"aa_minecraft_mod:copper_axe":1,"minecraft:gold_nugget":9,"minecraft:wooden_axe":2,"minecraft:iron_shovel":1,"minecraft:white_bed":1,"minecraft:torch":24}},"DataVersion":3465}