{"stats":{"minecraft:mined":{"minecraft:red_sand":1,"minecraft:jungle_log":7,"minecraft:spawner":17,"minecraft:hay_block":1,"minecraft:acacia_wood":57,"minecraft:diamond_block":3,"minecraft:gold_block":8,"minecraft:vine":1,"minecraft:pink_tulip":1,"minecraft:player_head":1,"minecraft:orange_terracotta":1,"minecraft:polished_granite":1,"minecraft:smooth_sandstone":6,"minecraft:crafting_table":1,"minecraft:light_gray_terracotta":2,"minecraft:melon":25,"minecraft:chest":18,"minecraft:dead_bush":68,"minecraft:mushroom_stem":1,"minecraft:tall_grass":2,"minecraft:white_terracotta":1,"minecraft:red_terracotta":2,"ars_nouveau:blue_archwood_log":17,"ars_nouveau:archwood_planks":2,"minecraft:grass":29,"minecraft:sunflower":1,"minecraft:terracotta":3,"minecraft:emerald_block":2,"minecraft:fern":2},"minecraft:custom":{"minecraft:mob_kills":65,"minecraft:interact_with_crafting_table":30,"minecraft:open_barrel":34,"minecraft:open_shulker_box":26,"minecraft:leave_game":3,"minecraft:time_since_death":65795,"minecraft:climb_one_cm":3371,"minecraft:sprint_one_cm":982542,"minecraft:walk_one_cm":394577,"minecraft:damage_blocked_by_shield":2225,"minecraft:drop":38,"minecraft:play_time":215458,"minecraft:deaths":15,"minecraft:sneak_time":491,"minecraft:walk_under_water_one_cm":12733,"minecraft:jump":4744,"minecraft:walk_on_water_one_cm":19704,"minecraft:total_world_time":215458,"minecraft:interact_with_furnace":7,"minecraft:sleep_in_bed":3,"minecraft:time_since_rest":47910,"minecraft:damage_taken":8049,"minecraft:damage_absorbed":80,"minecraft:damage_dealt":15121,"minecraft:swim_one_cm":14487,"minecraft:fly_one_cm":1008828,"minecraft:open_chest":381,"minecraft:crouch_one_cm":828,"minecraft:interact_with_smoker":19,"minecraft:fall_one_cm":118260,"minecraft:horse_one_cm":14450},"minecraft:broken":{"minecraft:iron_boots":1,"minecraft:shield":1},"minecraft:used":{"minecraft:chest":13,"minecraft:shield":44,"minecraft:iron_sword":116,"minecraft:cooked_chicken":1,"minecraft:rotten_flesh":32,"minecraft:player_head":1,"minecraft:iron_chestplate":7,"minecraft:torch":36,"minecraft:dirt":10,"minecraft:jungle_planks":4,"minecraft:dark_oak_planks":53,"minecraft:wooden_axe":21,"minecraft:iron_axe":96,"minecraft:spruce_wood":2,"minecraft:iron_helmet":4,"minecraft:iron_boots":7,"minecraft:bow":8,"minecraft:goat_horn":6,"minecraft:cooked_beef":17,"minecraft:potato":6,"minecraft:acacia_planks":84,"minecraft:iron_leggings":5,"alexsmobs:raw_catfish":2,"minecraft:cooked_mutton":7,"farmersdelight:iron_knife":8,"artifacts:eternal_steak":1,"minecraft:golden_apple":2,"minecraft:jungle_wood":1,"minecraft:terracotta":2,"minecraft:crafting_table":3,"ars_nouveau:archwood_planks":17,"minecraft:light_gray_terracotta":2,"minecraft:bread":26,"minecraft:melon_slice":39,"minecraft:iron_pickaxe":55,"minecraft:red_terracotta":2,"minecraft:diamond_sword":262,"farmersdelight:honey_glazed_ham":1,"minecraft:diamond_leggings":1,"minecraft:splash_potion":3,"alexsmobs:emu_egg":1},"minecraft:picked_up":{"minecraft:wooden_axe":4,"minecraft:iron_chestplate":14,"minecraft:crafting_table":2,"minecraft:wheat":4,"minecraft:splash_potion":7,"minecraft:chicken":1,"minecraft:lead":1,"minecraft:diamond_sword":7,"ars_nouveau:blue_archwood_sapling":2,"minecraft:gold_block":8,"minecraft:enchanted_book":3,"minecraft:shield":11,"ars_nouveau:archwood_planks":31,"minecraft:cornflower":3,"minecraft:string":43,"minecraft:iron_axe":2,"minecraft:iron_leggings":7,"minecraft:iron_shovel":1,"minecraft:blue_orchid":3,"farmersdelight:honey_glazed_ham":2,"alexsmobs:emu_feather":1,"minecraft:diamond_leggings":3,"minecraft:red_sand":2,"minecraft:gold_nugget":26,"minecraft:bucket":4,"minecraft:beef":18,"minecraft:rose_bush":14,"minecraft:player_head":4,"minecraft:poppy":3,"minecraft:iron_pickaxe":11,"minecraft:deepslate_tile_wall":1,"minecraft:melon_slice":139,"minecraft:chest":20,"minecraft:iron_boots":12,"minecraft:egg":1,"minecraft:stick":112,"minecraft:sandstone":5,"minecraft:torch":178,"ars_nouveau:blue_archwood_log":35,"minecraft:sandstone_wall":2,"farmersdelight:tomato_seeds":6,"minecraft:goat_horn":2,"minecraft:dark_oak_planks":83,"artifacts:everlasting_beef":1,"minecraft:arrow":18,"minecraft:cactus":2,"minecraft:rotten_flesh":129,"minecraft:peony":6,"ars_nouveau:worn_notebook":3,"minecraft:hay_block":2,"minecraft:iron_block":6,"alexsmobs:emu_egg":2,"minecraft:gold_ingot":61,"minecraft:white_terracotta":1,"minecraft:netherite_chestplate":1,"minecraft:mutton":3,"minecraft:white_wool":2,"minecraft:netherite_boots":1,"minecraft:cooked_beef":3,"minecraft:feather":4,"minecraft:lilac":1,"artifacts:eternal_steak":1,"minecraft:jungle_log":10,"minecraft:leather":13,"minecraft:jungle_wood":1,"minecraft:acacia_wood":53,"minecraft:gunpowder":36,"minecraft:dirt":10,"minecraft:polished_granite":1,"minecraft:name_tag":1,"minecraft:orange_terracotta":1,"minecraft:cooked_mutton":2,"minecraft:smooth_sandstone":7,"minecraft:bone":37,"farmersdelight:iron_knife":2,"minecraft:acacia_planks":173,"minecraft:bow":8,"minecraft:wheat_seeds":2,"minecraft:spruce_wood":2,"minecraft:iron_ingot":150,"minecraft:diamond_helmet":1,"minecraft:bamboo":12,"minecraft:iron_sword":5,"minecraft:book":36,"minecraft:emerald_block":4,"minecraft:dandelion":1,"minecraft:jungle_planks":8,"minecraft:dead_bush":1,"minecraft:diamond_block":3,"minecraft:red_terracotta":2,"minecraft:spider_eye":6,"alexsmobs:animal_dictionary":3,"alexsmobs:raw_catfish":3,"minecraft:light_gray_terracotta":2,"minecraft:diamond":32,"minecraft:iron_helmet":5,"minecraft:golden_apple":2,"minecraft:emerald":11,"minecraft:golden_horse_armor":1,"minecraft:bread":43,"minecraft:terracotta":4,"alexsmobs:maggot":1,"minecraft:oak_sapling":2,"minecraft:chorus_fruit":1},"minecraft:killed":{"minecraft:cave_spider":4,"irons_spellbooks:summoned_zombie":2,"minecraft:spider":8,"alexsmobs:rattlesnake":1,"minecraft:horse":1,"minecraft:skeleton":7,"minecraft:chicken":1,"minecraft:husk":13,"alexsmobs:emu":2,"minecraft:sheep":2,"minecraft:zombie":8,"alexsmobs:terrapin":2,"alexsmobs:roadrunner":1,"minecraft:enderman":1,"minecraft:cow":10},"minecraft:dropped":{"minecraft:wheat_seeds":1,"minecraft:diamond":5,"minecraft:diamond_leggings":1,"minecraft:iron_helmet":1,"minecraft:saddle":1,"alexsmobs:raw_catfish":1,"minecraft:torch":64,"minecraft:rose_bush":14,"minecraft:melon_slice":38,"minecraft:netherite_boots":1,"minecraft:iron_pickaxe":1,"minecraft:dark_oak_planks":1,"minecraft:string":12,"minecraft:acacia_planks":60,"minecraft:bucket":1,"minecraft:player_head":1,"minecraft:rotten_flesh":2,"artifacts:everlasting_beef":1,"minecraft:poppy":1,"minecraft:hay_block":2,"minecraft:tipped_arrow":6,"minecraft:gunpowder":12,"minecraft:iron_chestplate":1,"artifacts:eternal_steak":1,"minecraft:leather_leggings":1,"minecraft:spider_eye":1,"minecraft:red_sand":1,"farmersdelight:honey_glazed_ham":1,"minecraft:splash_potion":1},"minecraft:crafted":{"ars_nouveau:archwood_planks":44,"minecraft:cooked_chicken":1,"minecraft:cooked_mutton":7,"minecraft:diamond":27,"minecraft:bow":1,"minecraft:iron_boots":1,"minecraft:iron_axe":1,"minecraft:chest":7,"minecraft:cooked_beef":17,"minecraft:diamond_sword":1,"minecraft:crafting_table":2,"farmersdelight:iron_knife":1,"minecraft:iron_helmet":3,"minecraft:iron_sword":1,"minecraft:air":0,"minecraft:jungle_planks":28,"minecraft:iron_chestplate":1,"minecraft:charcoal":11,"minecraft:shield":1,"minecraft:iron_ingot":45,"minecraft:iron_pickaxe":2,"minecraft:wooden_axe":1,"minecraft:iron_leggings":2,"minecraft:acacia_planks":196},"minecraft:killed_by":{"minecraft:husk":9,"minecraft:player":1,"minecraft:wither_skeleton":1,"minecraft:cave_spider":1,"minecraft:skeleton":1,"minecraft:zombie":1}},"DataVersion":3465}