{"stats":{"minecraft:custom":{"minecraft:mob_kills":24,"minecraft:interact_with_crafting_table":16,"minecraft:open_barrel":11,"minecraft:leave_game":1,"minecraft:time_since_death":1346,"minecraft:climb_one_cm":3371,"minecraft:time_since_rest":1382,"minecraft:sprint_one_cm":310441,"minecraft:damage_taken":3760,"minecraft:walk_one_cm":151555,"minecraft:damage_blocked_by_shield":1780,"minecraft:drop":5,"minecraft:damage_dealt":5077,"minecraft:swim_one_cm":10022,"minecraft:fly_one_cm":458623,"minecraft:open_chest":48,"minecraft:crouch_one_cm":365,"minecraft:play_time":81611,"minecraft:deaths":8,"minecraft:sneak_time":187,"minecraft:walk_under_water_one_cm":2962,"minecraft:jump":2184,"minecraft:total_world_time":81611,"minecraft:walk_on_water_one_cm":9313,"minecraft:interact_with_smoker":2,"minecraft:fall_one_cm":60420},"minecraft:crafted":{"minecraft:diamond_sword":1,"ars_nouveau:archwood_planks":44,"minecraft:crafting_table":2,"farmersdelight:iron_knife":1,"minecraft:iron_helmet":2,"minecraft:iron_sword":1,"minecraft:cooked_mutton":4,"minecraft:air":0,"minecraft:jungle_planks":28,"minecraft:bow":1,"minecraft:iron_boots":1,"minecraft:iron_chestplate":1,"minecraft:shield":1,"minecraft:iron_ingot":45,"minecraft:iron_pickaxe":1,"minecraft:wooden_axe":1,"minecraft:chest":1,"minecraft:iron_leggings":1},"minecraft:dropped":{"minecraft:wheat_seeds":1,"minecraft:player_head":1,"minecraft:iron_helmet":1,"minecraft:iron_chestplate":1,"minecraft:leather_leggings":1},"minecraft:killed":{"minecraft:cave_spider":1,"minecraft:husk":6,"minecraft:spider":7,"alexsmobs:rattlesnake":1,"alexsmobs:emu":1,"minecraft:skeleton":2,"minecraft:zombie":3,"alexsmobs:terrapin":2,"alexsmobs:roadrunner":1},"minecraft:used":{"minecraft:cooked_mutton":4,"farmersdelight:iron_knife":8,"minecraft:chest":1,"minecraft:shield":34,"minecraft:iron_sword":116,"minecraft:player_head":1,"minecraft:rotten_flesh":11,"minecraft:iron_chestplate":3,"minecraft:jungle_wood":1,"minecraft:dirt":10,"minecraft:terracotta":2,"minecraft:crafting_table":3,"minecraft:jungle_planks":4,"ars_nouveau:archwood_planks":17,"minecraft:light_gray_terracotta":2,"minecraft:dark_oak_planks":2,"minecraft:wooden_axe":21,"minecraft:bread":20,"minecraft:melon_slice":18,"minecraft:iron_pickaxe":11,"minecraft:iron_helmet":2,"minecraft:red_terracotta":2,"minecraft:iron_boots":3,"minecraft:diamond_sword":12,"minecraft:bow":3,"minecraft:goat_horn":3,"minecraft:cooked_beef":1,"minecraft:potato":6,"minecraft:splash_potion":1,"minecraft:iron_leggings":4},"minecraft:mined":{"minecraft:orange_terracotta":1,"minecraft:smooth_sandstone":1,"minecraft:crafting_table":1,"minecraft:light_gray_terracotta":2,"minecraft:jungle_log":7,"minecraft:dead_bush":33,"minecraft:white_terracotta":1,"minecraft:red_terracotta":2,"ars_nouveau:blue_archwood_log":17,"ars_nouveau:archwood_planks":2,"minecraft:grass":27,"minecraft:vine":1,"minecraft:terracotta":3,"minecraft:player_head":1,"minecraft:fern":2},"minecraft:broken":{"minecraft:shield":1},"minecraft:killed_by":{"minecraft:husk":5,"minecraft:player":1,"minecraft:skeleton":1},"minecraft:picked_up":{"minecraft:wooden_axe":4,"minecraft:crafting_table":1,"minecraft:iron_chestplate":5,"minecraft:cooked_beef":1,"minecraft:feather":4,"minecraft:lilac":1,"minecraft:splash_potion":4,"minecraft:jungle_log":10,"minecraft:diamond_sword":1,"minecraft:lead":1,"minecraft:jungle_wood":1,"ars_nouveau:blue_archwood_sapling":2,"minecraft:enchanted_book":3,"minecraft:shield":6,"minecraft:gunpowder":6,"minecraft:cornflower":1,"ars_nouveau:archwood_planks":19,"minecraft:string":25,"minecraft:dirt":10,"minecraft:orange_terracotta":1,"minecraft:iron_leggings":6,"minecraft:cooked_mutton":2,"minecraft:bone":13,"farmersdelight:iron_knife":2,"minecraft:blue_orchid":1,"minecraft:bow":2,"minecraft:wheat_seeds":2,"minecraft:gold_nugget":26,"minecraft:iron_ingot":72,"minecraft:player_head":4,"minecraft:poppy":3,"minecraft:iron_pickaxe":9,"minecraft:bamboo":12,"minecraft:iron_sword":5,"minecraft:iron_boots":6,"minecraft:book":36,"minecraft:stick":91,"minecraft:dandelion":1,"ars_nouveau:blue_archwood_log":35,"minecraft:sandstone_wall":2,"minecraft:jungle_planks":8,"farmersdelight:tomato_seeds":6,"minecraft:goat_horn":2,"minecraft:red_terracotta":2,"minecraft:spider_eye":5,"alexsmobs:animal_dictionary":3,"minecraft:dark_oak_planks":30,"minecraft:light_gray_terracotta":2,"minecraft:arrow":7,"minecraft:rotten_flesh":29,"minecraft:peony":2,"ars_nouveau:worn_notebook":3,"minecraft:iron_helmet":4,"minecraft:iron_block":6,"alexsmobs:emu_egg":1,"minecraft:emerald":3,"minecraft:gold_ingot":2,"minecraft:bread":32,"minecraft:terracotta":4,"minecraft:white_terracotta":1,"alexsmobs:maggot":1,"minecraft:oak_sapling":2,"minecraft:chorus_fruit":1}},"DataVersion":3465}