{"stats":{"minecraft:custom":{"minecraft:interact_with_crafting_table":37,"minecraft:open_barrel":37,"goblintraders:trade_with_goblin":53,"minecraft:open_shulker_box":9,"minecraft:leave_game":5,"minecraft:time_since_death":64242,"minecraft:damage_resisted":405,"minecraft:sprint_one_cm":590685,"minecraft:drop":199,"minecraft:talked_to_villager":1,"minecraft:play_time":352049,"minecraft:deaths":6,"minecraft:jump":3987,"minecraft:walk_on_water_one_cm":26982,"minecraft:interact_with_furnace":30,"minecraft:waystone_activated":4,"minecraft:damage_dealt":17012,"minecraft:player_kills":14,"minecraft:crouch_one_cm":77645,"minecraft:mob_kills":158,"minecraft:climb_one_cm":14492,"minecraft:walk_one_cm":627681,"minecraft:sneak_time":23102,"minecraft:walk_under_water_one_cm":10232,"minecraft:interact_with_lectern":1,"minecraft:interact_with_blast_furnace":12,"minecraft:total_world_time":352049,"minecraft:interact_with_grindstone":2,"minecraft:time_since_rest":64273,"minecraft:damage_taken":7274,"minecraft:damage_absorbed":944,"minecraft:swim_one_cm":13268,"minecraft:fly_one_cm":1223145,"minecraft:open_chest":199,"minecraft:fall_one_cm":138849},"minecraft:mined":{"minecraft:obsidian":7,"minecraft:granite":17,"minecraft:deepslate_tile_wall":1,"minecraft:acacia_log":18,"minecraft:grass_block":13,"minecraft:jungle_log":4,"minecraft:spawner":10,"minecraft:raw_iron_block":1,"minecraft:iron_ore":35,"minecraft:cobbled_deepslate":1,"minecraft:fire":4,"minecraft:deepslate_lapis_ore":4,"minecraft:deepslate_redstone_ore":4,"minecraft:blast_furnace":1,"farmersdelight:cabbages":5,"minecraft:nether_quartz_ore":13,"minecraft:cobblestone":9,"minecraft:sugar_cane":4,"minecraft:wall_torch":1,"minecraft:birch_log":5,"minecraft:stone_brick_stairs":2,"minecraft:grass":84,"minecraft:oak_log":5,"minecraft:dirt":37,"minecraft:netherrack":113,"minecraft:oak_leaves":1,"minecraft:deepslate":187,"minecraft:diamond_ore":1,"minecraft:red_carpet":1,"minecraft:tuff":8,"minecraft:deepslate_diamond_ore":21,"minecraft:candle":2,"minecraft:crimson_roots":3,"minecraft:crimson_stem":3,"minecraft:andesite":50,"minecraft:diamond_block":5,"minecraft:deepslate_iron_ore":13,"minecraft:vine":8,"minecraft:stone":416,"minecraft:white_wool":1,"minecraft:acacia_leaves":5,"minecraft:emerald_ore":4,"minecraft:sculk_sensor":1,"minecraft:tall_grass":6,"minecraft:copper_ore":7,"minecraft:diorite":34,"minecraft:coal_ore":14,"minecraft:gravel":1,"minecraft:gray_carpet":1,"minecraft:cobweb":22,"minecraft:cracked_stone_bricks":6,"minecraft:stone_bricks":8,"minecraft:mossy_stone_bricks":6,"minecraft:dark_oak_planks":9},"minecraft:broken":{"minecraft:iron_chestplate":1,"minecraft:iron_helmet":1},"minecraft:used":{"minecraft:iron_shovel":16,"farmersdelight:cabbage_seeds":11,"minecraft:iron_sword":208,"minecraft:carrot":22,"minecraft:tuff":4,"minecraft:obsidian":10,"minecraft:lava_bucket":1,"minecraft:stone_bricks":2,"minecraft:furnace":2,"minecraft:diorite":16,"minecraft:stone_pickaxe":110,"minecraft:oak_planks":10,"minecraft:wooden_pickaxe":6,"minecraft:sugar_cane":2,"minecraft:golden_apple":9,"minecraft:blast_furnace":1,"minecraft:bread":37,"minecraft:diamond_sword":5,"irons_spellbooks:magehunter":98,"minecraft:grindstone":1,"minecraft:experience_bottle":4,"minecraft:stone_sword":19,"minecraft:flint_and_steel":1,"minecraft:wooden_shovel":21,"minecraft:netherrack":34,"minecraft:torch":30,"minecraft:dirt":6,"alexsmobs:cooked_kangaroo_meat":3,"minecraft:wooden_axe":23,"minecraft:dark_oak_planks":35,"minecraft:iron_axe":24,"minecraft:totem_of_undying":1,"minecraft:diamond_chestplate":1,"minecraft:cooked_beef":16,"minecraft:acacia_planks":4,"minecraft:cobbled_deepslate":52,"minecraft:enchanted_golden_apple":6,"minecraft:crimson_stem":3,"minecraft:water_bucket":8,"minecraft:crafting_table":5,"minecraft:diamond_pickaxe":453,"minecraft:apple":18,"minecraft:iron_pickaxe":448,"minecraft:cobblestone":132,"minecraft:potion":7,"minecraft:white_banner":1,"minecraft:bucket":10,"minecraft:splash_potion":1,"minecraft:diamond_leggings":1,"minecraft:candle":5,"alexsmobs:emu_egg":1},"minecraft:picked_up":{"minecraft:wooden_axe":2,"irons_spellbooks:scroll":9,"ars_nouveau:caster_tome":4,"minecraft:iron_chestplate":5,"minecraft:stone_slab":3,"minecraft:potion":7,"minecraft:enchanted_book":1,"minecraft:stone_brick_stairs":1,"minecraft:polished_deepslate":6,"minecraft:string":26,"minecraft:raw_copper":50,"minecraft:experience_bottle":4,"minecraft:diamond_leggings":3,"irons_spellbooks:artificer_cane":2,"irons_spellbooks:fire_ale":1,"minecraft:activator_rail":2,"irons_spellbooks:arcane_essence":21,"alexsmobs:blood_sac":2,"minecraft:cobbled_deepslate":381,"minecraft:bucket":3,"farmersdelight:cabbage":5,"minecraft:spruce_planks":2,"minecraft:wooden_shovel":1,"minecraft:iron_pickaxe":5,"minecraft:deepslate_tile_wall":1,"farmersdelight:cabbage_seeds":17,"minecraft:iron_boots":1,"minecraft:stick":11,"minecraft:torch":129,"minecraft:acacia_log":26,"minecraft:porkchop":12,"minecraft:diorite":40,"minecraft:stone_sword":2,"minecraft:rotten_flesh":31,"artifacts:villager_hat":1,"minecraft:vex_armor_trim_smithing_template":6,"ars_nouveau:apprentice_spell_book":2,"minecraft:iron_block":5,"alexsmobs:emu_egg":1,"minecraft:blaze_rod":9,"minecraft:obsidian":12,"minecraft:cobblestone":575,"minecraft:cooked_beef":13,"farmersdelight:rice":9,"minecraft:jungle_log":2,"minecraft:andesite":43,"minecraft:tuff":9,"irons_spellbooks:keeper_flamberge":1,"minecraft:lapis_lazuli":66,"minecraft:dirt":67,"irons_spellbooks:iron_spell_book":2,"minecraft:bone":14,"minecraft:acacia_planks":39,"minecraft:wheat_seeds":13,"minecraft:raw_gold":1,"minecraft:grindstone":2,"minecraft:mossy_stone_bricks":10,"minecraft:diamond_helmet":3,"minecraft:glowstone_dust":10,"minecraft:oak_planks":7,"minecraft:honeycomb":2,"irons_spellbooks:legendary_ink":1,"minecraft:diamond_block":5,"ars_nouveau:sourcestone":4,"alexsmobs:kangaroo_hide":1,"minecraft:diamond":42,"artifacts:crystal_heart":3,"minecraft:crossbow":1,"minecraft:granite":74,"minecraft:golden_apple":1,"minecraft:emerald":12,"minecraft:bread":55,"alexsmobs:maggot":2,"minecraft:netherrack":208,"irons_spellbooks:uncommon_ink":2,"minecraft:crimson_roots":4,"minecraft:diamond_pickaxe":4,"minecraft:cocoa_beans":1,"minecraft:crafting_table":1,"minecraft:chest_minecart":2,"minecraft:wooden_pickaxe":1,"farmersdelight:cooked_rice":7,"ars_nouveau:amplify_arrow":16,"minecraft:moss_carpet":2,"minecraft:iron_axe":3,"minecraft:flint_and_steel":5,"artifacts:feral_claws":1,"minecraft:iron_shovel":2,"minecraft:cracked_stone_bricks":3,"minecraft:candle":2,"minecraft:beef":39,"irons_spellbooks:epic_ink":5,"minecraft:poppy":1,"irons_spellbooks:emerald_stoneplate_ring":2,"minecraft:sugar_cane":7,"minecraft:birch_sapling":1,"minecraft:phantom_membrane":1,"minecraft:egg":2,"minecraft:dark_oak_sapling":1,"minecraft:raw_iron":199,"minecraft:copper_ingot":1,"minecraft:redstone":33,"minecraft:dark_oak_planks":74,"irons_spellbooks:mana_ring":4,"irons_spellbooks:evocation_rune":3,"irons_spellbooks:gold_spell_book":4,"minecraft:diamond_chestplate":2,"minecraft:arrow":41,"minecraft:diamond_boots":2,"artifacts:cross_necklace":3,"minecraft:totem_of_undying":1,"minecraft:glistering_melon_slice":8,"minecraft:mutton":3,"minecraft:white_wool":2,"minecraft:rail":5,"alexsmobs:kangaroo_meat":3,"minecraft:crimson_stem":3,"minecraft:leather":14,"minecraft:oak_log":8,"minecraft:gunpowder":34,"farmersdelight:skillet":2,"minecraft:paper":4,"minecraft:white_banner":1,"minecraft:red_carpet":1,"minecraft:apple":12,"minecraft:stone_bricks":3,"farmersdelight:cooking_pot":2,"minecraft:iron_ingot":26,"minecraft:stone_pickaxe":3,"minecraft:glass_bottle":10,"minecraft:iron_sword":3,"minecraft:book":1,"artifacts:obsidian_skull":1,"minecraft:pumpkin":2,"minecraft:quartz":11,"minecraft:raw_iron_block":1,"ars_nouveau:novice_spell_book":7,"minecraft:gravel":13,"minecraft:blast_furnace":1,"minecraft:white_bed":3,"minecraft:spider_eye":1,"minecraft:leather_helmet":3,"irons_spellbooks:poisonward_ring":1,"irons_spellbooks:magehunter":3,"minecraft:iron_helmet":2,"minecraft:ender_pearl":1,"minecraft:coal":17},"minecraft:killed":{"minecraft:cave_spider":6,"minecraft:spider":2,"minecraft:skeleton":36,"minecraft:chicken":2,"alexsmobs:capuchin_monkey":1,"ars_nouveau:summon_horse":1,"irons_spellbooks:archevoker":1,"irons_spellbooks:summoned_skeleton":1,"alexsmobs:kangaroo":3,"minecraft:piglin":1,"minecraft:pig":3,"minecraft:zombie_villager":1,"minecraft:creeper":8,"alexsmobs:crimson_mosquito":2,"minecraft:sheep":2,"minecraft:pillager":11,"irons_spellbooks:summoned_vex":5,"minecraft:zombie":27,"alexsmobs:terrapin":7,"alexsmobs:fly":1,"minecraft:cow":13,"minecraft:evoker":1,"minecraft:vindicator":1,"minecraft:phantom":2,"minecraft:husk":4,"ars_nouveau:starbuncle":1,"minecraft:bat":1,"minecraft:ravager":1,"minecraft:hoglin":1,"alexsmobs:crocodile":1,"minecraft:wither_skeleton":6,"minecraft:enderman":1},"minecraft:dropped":{"minecraft:iron_sword":1,"ars_nouveau:novice_spell_book":6,"minecraft:porkchop":10,"minecraft:lapis_lazuli":22,"minecraft:ender_pearl":1,"minecraft:glass_bottle":10,"minecraft:diamond":12,"minecraft:crafting_table":1,"minecraft:crossbow":1,"farmersdelight:cooked_rice":7,"minecraft:deepslate_tile_wall":1,"minecraft:leather":6,"minecraft:chest_minecart":2,"minecraft:honeycomb":2,"minecraft:cracked_stone_bricks":2,"minecraft:leather_helmet":3,"farmersdelight:rice":9,"minecraft:red_carpet":1,"minecraft:dirt":60,"minecraft:crimson_roots":1,"irons_spellbooks:gold_spell_book":2,"minecraft:iron_pickaxe":2,"minecraft:dark_oak_planks":14,"irons_spellbooks:emerald_stoneplate_ring":2,"minecraft:white_wool":2,"minecraft:bone":7,"minecraft:sugar_cane":2,"ars_nouveau:apprentice_spell_book":2,"minecraft:cobbled_deepslate":90,"alexsmobs:animal_dictionary":1,"minecraft:birch_sapling":1,"minecraft:obsidian":2,"minecraft:rotten_flesh":28,"minecraft:enchanted_golden_apple":1,"minecraft:glowstone_dust":10,"ars_nouveau:sourcestone":4,"alexsmobs:blood_sac":1,"minecraft:gunpowder":64,"minecraft:arrow":35,"minecraft:stone_brick_stairs":1,"minecraft:netherrack":112,"irons_spellbooks:poisonward_ring":1,"minecraft:enchanted_book":1,"minecraft:iron_ingot":6,"minecraft:bread":25,"minecraft:wheat_seeds":10,"irons_spellbooks:legendary_ink":1,"minecraft:diamond_leggings":1,"minecraft:book":1,"minecraft:granite":1,"irons_spellbooks:ancient_knowledge_fragment":1,"minecraft:coal":8,"minecraft:stick":7,"irons_spellbooks:scroll":6,"ars_nouveau:worn_notebook":1,"minecraft:milk_bucket":1,"minecraft:diorite":11,"minecraft:torch":6,"farmersdelight:cooking_pot":2,"artifacts:obsidian_skull":1,"minecraft:potion":4,"minecraft:iron_leggings":1,"irons_spellbooks:common_ink":4,"minecraft:raw_iron_block":1,"artifacts:feral_claws":1,"minecraft:iron_shovel":1,"minecraft:paper":7,"minecraft:string":4,"minecraft:bucket":2,"ars_nouveau:caster_tome":2,"minecraft:redstone":2,"minecraft:polished_deepslate":4,"minecraft:moss_carpet":2,"irons_spellbooks:fire_ale":2,"alexsmobs:maggot":2,"minecraft:blaze_rod":9,"minecraft:cocoa_beans":1,"minecraft:raw_iron":134,"farmersdelight:cabbage_seeds":2,"irons_spellbooks:keeper_flamberge":1,"minecraft:clay_ball":8,"minecraft:iron_boots":1,"minecraft:stone_slab":3,"minecraft:flint_and_steel":2,"minecraft:spruce_planks":2,"minecraft:iron_chestplate":3,"minecraft:andesite":25,"minecraft:mossy_stone_bricks":9,"minecraft:stone_bricks":1,"artifacts:cross_necklace":3,"minecraft:stone_pickaxe":1,"ars_nouveau:amplify_arrow":16,"minecraft:brick":2},"minecraft:killed_by":{"minecraft:skeleton":1},"minecraft:crafted":{"minecraft:grindstone":3,"minecraft:oak_planks":32,"irons_spellbooks:iron_spell_book":1,"minecraft:chain":3,"minecraft:stone":9,"irons_spellbooks:artificer_cane":1,"minecraft:glass":8,"minecraft:diamond_helmet":1,"minecraft:diamond_leggings":1,"minecraft:iron_boots":1,"minecraft:wooden_shovel":1,"minecraft:cauldron":1,"minecraft:crafting_table":5,"minecraft:iron_helmet":1,"minecraft:wooden_pickaxe":1,"minecraft:iron_chestplate":1,"minecraft:paper":3,"minecraft:diamond_pickaxe":1,"minecraft:stick":88,"minecraft:stone_slab":6,"minecraft:iron_ingot":163,"minecraft:iron_pickaxe":2,"minecraft:iron_block":5,"minecraft:coal":36,"irons_spellbooks:eldritch_manuscript":1,"minecraft:iron_nugget":9,"minecraft:furnace":2,"ars_nouveau:novice_spell_book":1,"minecraft:iron_axe":1,"minecraft:stone_pickaxe":3,"minecraft:diamond_boots":1,"minecraft:cooked_beef":16,"minecraft:crimson_planks":20,"minecraft:diamond_sword":1,"alexsmobs:cooked_kangaroo_meat":3,"minecraft:iron_sword":2,"minecraft:bucket":2,"minecraft:air":0,"minecraft:jungle_planks":8,"minecraft:wooden_axe":1,"minecraft:iron_shovel":2,"minecraft:iron_leggings":1,"minecraft:acacia_planks":68,"minecraft:torch":96,"minecraft:diamond_chestplate":2,"minecraft:brick":2}},"DataVersion":3465}