{"stats":{"minecraft:custom":{"minecraft:mob_kills":117,"minecraft:interact_with_crafting_table":34,"minecraft:open_barrel":36,"goblintraders:trade_with_goblin":53,"minecraft:leave_game":4,"minecraft:time_since_death":1448,"minecraft:climb_one_cm":11071,"minecraft:damage_resisted":256,"minecraft:sprint_one_cm":441627,"minecraft:walk_one_cm":430908,"minecraft:drop":113,"minecraft:talked_to_villager":1,"minecraft:play_time":255538,"minecraft:deaths":3,"minecraft:sneak_time":12487,"minecraft:walk_under_water_one_cm":8599,"minecraft:interact_with_lectern":1,"minecraft:jump":2738,"minecraft:interact_with_blast_furnace":12,"minecraft:walk_on_water_one_cm":23337,"minecraft:total_world_time":255538,"minecraft:interact_with_furnace":28,"minecraft:interact_with_grindstone":2,"minecraft:time_since_rest":1465,"minecraft:waystone_activated":3,"minecraft:damage_taken":5067,"minecraft:damage_absorbed":533,"minecraft:damage_dealt":13299,"minecraft:swim_one_cm":11565,"minecraft:player_kills":9,"minecraft:fly_one_cm":899620,"minecraft:open_chest":130,"minecraft:crouch_one_cm":34863,"minecraft:fall_one_cm":85691},"minecraft:mined":{"minecraft:diamond_ore":1,"minecraft:red_carpet":1,"minecraft:tuff":8,"minecraft:deepslate_diamond_ore":17,"minecraft:candle":2,"minecraft:obsidian":7,"minecraft:granite":16,"minecraft:acacia_log":18,"minecraft:grass_block":12,"minecraft:crimson_roots":3,"minecraft:crimson_stem":3,"minecraft:spawner":3,"minecraft:raw_iron_block":1,"minecraft:cobbled_deepslate":1,"minecraft:iron_ore":35,"minecraft:fire":4,"minecraft:andesite":38,"minecraft:deepslate_lapis_ore":4,"minecraft:vine":1,"minecraft:deepslate_iron_ore":12,"minecraft:stone":405,"minecraft:white_wool":1,"minecraft:deepslate_redstone_ore":3,"minecraft:acacia_leaves":5,"minecraft:blast_furnace":1,"minecraft:emerald_ore":4,"farmersdelight:cabbages":5,"minecraft:tall_grass":4,"minecraft:nether_quartz_ore":13,"minecraft:copper_ore":7,"minecraft:cobblestone":9,"minecraft:diorite":34,"minecraft:wall_torch":1,"minecraft:birch_log":5,"minecraft:stone_brick_stairs":2,"minecraft:grass":73,"minecraft:coal_ore":14,"minecraft:oak_log":5,"minecraft:gravel":1,"minecraft:dirt":37,"minecraft:gray_carpet":1,"minecraft:cobweb":20,"minecraft:cracked_stone_bricks":6,"minecraft:stone_bricks":8,"minecraft:netherrack":113,"minecraft:mossy_stone_bricks":4,"minecraft:oak_leaves":1,"minecraft:deepslate":158},"minecraft:broken":{"minecraft:iron_chestplate":1},"minecraft:used":{"minecraft:stone_sword":19,"minecraft:iron_shovel":16,"minecraft:flint_and_steel":1,"farmersdelight:cabbage_seeds":11,"minecraft:iron_sword":208,"minecraft:wooden_shovel":21,"minecraft:netherrack":34,"minecraft:torch":27,"minecraft:dirt":6,"minecraft:carrot":22,"minecraft:tuff":4,"minecraft:obsidian":10,"minecraft:dark_oak_planks":13,"minecraft:wooden_axe":23,"minecraft:lava_bucket":1,"minecraft:iron_axe":8,"minecraft:totem_of_undying":1,"minecraft:stone_bricks":2,"minecraft:furnace":2,"minecraft:cooked_beef":8,"minecraft:cobbled_deepslate":52,"minecraft:acacia_planks":4,"minecraft:enchanted_golden_apple":2,"minecraft:crimson_stem":3,"minecraft:water_bucket":8,"minecraft:diorite":16,"minecraft:oak_planks":10,"minecraft:stone_pickaxe":110,"minecraft:wooden_pickaxe":6,"minecraft:golden_apple":8,"minecraft:crafting_table":4,"minecraft:blast_furnace":1,"minecraft:diamond_pickaxe":379,"minecraft:apple":18,"minecraft:bread":29,"minecraft:iron_pickaxe":448,"minecraft:diamond_sword":5,"minecraft:cobblestone":132,"irons_spellbooks:magehunter":27,"minecraft:grindstone":1,"minecraft:bucket":10,"minecraft:candle":5,"alexsmobs:emu_egg":1},"minecraft:picked_up":{"minecraft:wooden_axe":2,"irons_spellbooks:scroll":5,"minecraft:crafting_table":1,"minecraft:iron_chestplate":3,"minecraft:chest_minecart":2,"minecraft:stone_slab":3,"minecraft:wooden_pickaxe":1,"minecraft:potion":3,"minecraft:enchanted_book":1,"minecraft:stone_brick_stairs":1,"minecraft:string":24,"minecraft:moss_carpet":2,"minecraft:raw_copper":50,"minecraft:iron_axe":1,"minecraft:experience_bottle":4,"irons_spellbooks:arcane_essence":3,"minecraft:activator_rail":2,"minecraft:cracked_stone_bricks":3,"irons_spellbooks:fire_ale":1,"alexsmobs:blood_sac":2,"minecraft:candle":2,"minecraft:cobbled_deepslate":362,"farmersdelight:cabbage":5,"minecraft:bucket":1,"minecraft:spruce_planks":2,"minecraft:beef":34,"irons_spellbooks:epic_ink":1,"minecraft:wooden_shovel":1,"minecraft:poppy":1,"minecraft:iron_pickaxe":3,"irons_spellbooks:emerald_stoneplate_ring":1,"farmersdelight:cabbage_seeds":17,"minecraft:birch_sapling":1,"minecraft:phantom_membrane":1,"minecraft:iron_boots":1,"minecraft:egg":2,"minecraft:dark_oak_sapling":1,"minecraft:stick":11,"minecraft:raw_iron":166,"minecraft:torch":1,"minecraft:acacia_log":26,"minecraft:porkchop":12,"minecraft:diorite":40,"minecraft:redstone":29,"minecraft:dark_oak_planks":44,"irons_spellbooks:evocation_rune":1,"minecraft:stone_sword":2,"minecraft:arrow":39,"minecraft:rotten_flesh":17,"artifacts:villager_hat":1,"ars_nouveau:apprentice_spell_book":1,"minecraft:iron_block":5,"artifacts:cross_necklace":1,"alexsmobs:emu_egg":1,"minecraft:totem_of_undying":1,"minecraft:glistering_melon_slice":8,"minecraft:blaze_rod":9,"minecraft:mutton":3,"minecraft:obsidian":12,"minecraft:white_wool":2,"alexsmobs:kangaroo_meat":3,"minecraft:rail":5,"minecraft:cobblestone":564,"farmersdelight:rice":9,"minecraft:crimson_stem":3,"minecraft:andesite":37,"minecraft:leather":11,"minecraft:tuff":9,"minecraft:oak_log":8,"minecraft:gunpowder":33,"farmersdelight:skillet":1,"minecraft:lapis_lazuli":66,"minecraft:dirt":66,"minecraft:paper":4,"minecraft:red_carpet":1,"minecraft:bone":8,"minecraft:acacia_planks":39,"minecraft:apple":12,"minecraft:stone_bricks":3,"minecraft:wheat_seeds":10,"minecraft:raw_gold":1,"minecraft:iron_ingot":26,"minecraft:grindstone":2,"minecraft:stone_pickaxe":3,"minecraft:mossy_stone_bricks":9,"minecraft:diamond_helmet":1,"minecraft:glowstone_dust":10,"minecraft:iron_sword":3,"minecraft:oak_planks":7,"minecraft:honeycomb":2,"minecraft:book":1,"artifacts:obsidian_skull":1,"minecraft:pumpkin":2,"minecraft:quartz":11,"minecraft:raw_iron_block":1,"ars_nouveau:novice_spell_book":7,"minecraft:gravel":13,"minecraft:blast_furnace":1,"minecraft:white_bed":1,"ars_nouveau:sourcestone":4,"minecraft:spider_eye":1,"minecraft:leather_helmet":3,"irons_spellbooks:poisonward_ring":1,"alexsmobs:kangaroo_hide":1,"irons_spellbooks:magehunter":1,"minecraft:diamond":38,"artifacts:crystal_heart":1,"minecraft:crossbow":1,"minecraft:iron_helmet":2,"minecraft:granite":73,"minecraft:golden_apple":1,"minecraft:bread":55,"minecraft:emerald":12,"alexsmobs:maggot":2,"minecraft:netherrack":208,"minecraft:coal":15,"minecraft:crimson_roots":4,"minecraft:diamond_pickaxe":2},"minecraft:killed":{"minecraft:evoker":1,"minecraft:cave_spider":5,"minecraft:vindicator":1,"minecraft:spider":1,"minecraft:phantom":2,"minecraft:skeleton":26,"minecraft:chicken":2,"alexsmobs:capuchin_monkey":1,"ars_nouveau:summon_horse":1,"irons_spellbooks:archevoker":1,"irons_spellbooks:summoned_skeleton":1,"alexsmobs:kangaroo":3,"minecraft:piglin":1,"minecraft:husk":2,"minecraft:pig":3,"minecraft:zombie_villager":1,"ars_nouveau:starbuncle":1,"minecraft:ravager":1,"minecraft:hoglin":1,"minecraft:creeper":3,"alexsmobs:crimson_mosquito":2,"minecraft:sheep":2,"minecraft:pillager":10,"irons_spellbooks:summoned_vex":5,"minecraft:zombie":17,"alexsmobs:terrapin":7,"alexsmobs:fly":1,"minecraft:wither_skeleton":1,"minecraft:cow":11},"minecraft:dropped":{"minecraft:enchanted_book":1,"minecraft:iron_ingot":6,"minecraft:bread":25,"minecraft:iron_sword":1,"ars_nouveau:novice_spell_book":6,"minecraft:porkchop":10,"minecraft:wheat_seeds":8,"minecraft:lapis_lazuli":22,"minecraft:glass_bottle":2,"minecraft:diamond":12,"minecraft:crossbow":1,"minecraft:book":1,"minecraft:chest_minecart":2,"minecraft:leather":6,"minecraft:honeycomb":2,"minecraft:cracked_stone_bricks":2,"minecraft:red_carpet":1,"minecraft:coal":8,"minecraft:leather_helmet":3,"farmersdelight:rice":9,"minecraft:stick":7,"irons_spellbooks:scroll":1,"minecraft:dirt":54,"ars_nouveau:worn_notebook":1,"minecraft:milk_bucket":1,"minecraft:diorite":11,"minecraft:crimson_roots":1,"artifacts:obsidian_skull":1,"minecraft:potion":3,"minecraft:raw_iron_block":1,"minecraft:iron_pickaxe":2,"minecraft:paper":4,"minecraft:string":2,"irons_spellbooks:emerald_stoneplate_ring":1,"minecraft:redstone":2,"minecraft:bone":7,"minecraft:moss_carpet":2,"irons_spellbooks:fire_ale":2,"alexsmobs:maggot":2,"ars_nouveau:apprentice_spell_book":1,"minecraft:blaze_rod":9,"alexsmobs:animal_dictionary":1,"minecraft:cobbled_deepslate":73,"farmersdelight:cabbage_seeds":2,"minecraft:birch_sapling":1,"minecraft:obsidian":2,"minecraft:raw_iron":118,"minecraft:rotten_flesh":17,"minecraft:glowstone_dust":10,"minecraft:stone_slab":3,"ars_nouveau:sourcestone":4,"alexsmobs:blood_sac":1,"minecraft:gunpowder":61,"minecraft:spruce_planks":2,"minecraft:iron_chestplate":1,"minecraft:andesite":25,"minecraft:mossy_stone_bricks":9,"minecraft:stone_bricks":1,"artifacts:cross_necklace":1,"minecraft:arrow":35,"minecraft:stone_pickaxe":1,"minecraft:netherrack":112},"minecraft:killed_by":{"minecraft:skeleton":1},"minecraft:crafted":{"minecraft:grindstone":3,"minecraft:oak_planks":32,"minecraft:coal":36,"minecraft:iron_nugget":9,"irons_spellbooks:iron_spell_book":1,"minecraft:chain":3,"minecraft:furnace":2,"minecraft:stone":9,"irons_spellbooks:artificer_cane":1,"minecraft:glass":8,"ars_nouveau:novice_spell_book":1,"minecraft:iron_boots":1,"minecraft:iron_axe":1,"minecraft:stone_pickaxe":3,"minecraft:cooked_beef":16,"minecraft:crimson_planks":20,"minecraft:wooden_shovel":1,"minecraft:diamond_sword":1,"minecraft:cauldron":1,"minecraft:crafting_table":4,"minecraft:wooden_pickaxe":1,"minecraft:iron_helmet":1,"alexsmobs:cooked_kangaroo_meat":3,"minecraft:iron_sword":2,"minecraft:bucket":2,"minecraft:air":0,"minecraft:iron_chestplate":1,"minecraft:diamond_pickaxe":1,"minecraft:stick":88,"minecraft:stone_slab":6,"minecraft:iron_ingot":163,"minecraft:iron_pickaxe":2,"minecraft:wooden_axe":1,"minecraft:iron_block":5,"minecraft:iron_shovel":2,"minecraft:iron_leggings":1,"minecraft:acacia_planks":68,"minecraft:torch":96,"minecraft:diamond_chestplate":1}},"DataVersion":3465}