{"stats":{"minecraft:custom":{"minecraft:interact_with_crafting_table":35,"minecraft:open_barrel":28,"minecraft:eat_cake_slice":12,"minecraft:leave_game":15,"minecraft:time_since_death":79769,"minecraft:damage_resisted":122,"minecraft:sprint_one_cm":725510,"minecraft:damage_blocked_by_shield":1500,"minecraft:drop":136,"minecraft:play_noteblock":35,"minecraft:talked_to_villager":2,"minecraft:play_time":242567,"minecraft:deaths":6,"minecraft:jump":3796,"minecraft:walk_on_water_one_cm":52221,"minecraft:interact_with_furnace":36,"minecraft:sleep_in_bed":7,"minecraft:waystone_activated":2,"minecraft:damage_dealt":14269,"minecraft:crouch_one_cm":9469,"minecraft:interact_with_smoker":9,"minecraft:interact_with_anvil":1,"minecraft:mob_kills":53,"minecraft:damage_dealt_resisted":572,"minecraft:climb_one_cm":54527,"minecraft:walk_one_cm":487734,"minecraft:sneak_time":6036,"minecraft:walk_under_water_one_cm":28128,"minecraft:interact_with_blast_furnace":7,"minecraft:total_world_time":242567,"minecraft:tune_noteblock":1,"minecraft:time_since_rest":19662,"minecraft:damage_taken":5735,"minecraft:swim_one_cm":121120,"minecraft:fly_one_cm":1421402,"minecraft:open_chest":66,"minecraft:fall_one_cm":111576},"minecraft:mined":{"minecraft:dark_oak_planks":17,"minecraft:waxed_cut_copper_slab":1,"minecraft:white_bed":1,"minecraft:jungle_leaves":39,"minecraft:acacia_log":31,"minecraft:grass_block":9,"minecraft:jungle_log":40,"ars_nouveau:bastion_pod":1,"minecraft:coal_block":14,"minecraft:spawner":7,"minecraft:iron_ore":87,"minecraft:fire":5,"minecraft:pumpkin":2,"minecraft:smooth_red_sandstone":1,"minecraft:iron_bars":1,"minecraft:light_gray_concrete":7,"minecraft:green_carpet":2,"minecraft:stripped_mangrove_wood":2,"minecraft:iron_block":1,"minecraft:player_head":3,"minecraft:chiseled_quartz_block":11,"minecraft:note_block":24,"minecraft:calcite":1,"minecraft:poppy":2,"minecraft:melon":1,"minecraft:chest":1,"minecraft:dead_bush":5,"farmersdelight:cabbages":1,"minecraft:cobblestone":4,"minecraft:sugar_cane":7,"minecraft:iron_door":3,"ars_nouveau:red_archwood_leaves":13,"minecraft:wheat":2,"minecraft:jukebox":1,"minecraft:tnt":1,"minecraft:stone_brick_stairs":1,"minecraft:grass":14,"minecraft:dirt":11,"minecraft:smooth_quartz":28,"minecraft:netherrack":2,"minecraft:piston":1,"minecraft:oak_leaves":59,"minecraft:cyan_candle":12,"minecraft:redstone_lamp":2,"farmersdelight:wild_carrots":1,"minecraft:potted_flowering_azalea_bush":1,"minecraft:lever":2,"minecraft:ladder":4,"minecraft:allium":2,"minecraft:redstone_wire":3,"minecraft:hay_block":8,"farmersdelight:wild_onions":4,"minecraft:black_stained_glass_pane":2,"minecraft:furnace":3,"minecraft:acacia_trapdoor":1,"minecraft:red_sandstone":2,"minecraft:polished_deepslate":1,"minecraft:bookshelf":17,"minecraft:vine":13,"minecraft:stone":71,"ars_nouveau:purple_archwood_log":52,"minecraft:redstone_wall_torch":2,"minecraft:acacia_leaves":1,"minecraft:redstone_block":1,"minecraft:gray_concrete":4,"minecraft:crafting_table":5,"minecraft:diorite":1,"minecraft:spruce_stairs":1,"minecraft:black_wall_banner":1,"minecraft:white_carpet":2,"minecraft:coal_ore":46,"minecraft:cocoa":2,"minecraft:gravel":2,"minecraft:cobweb":2,"minecraft:acacia_planks":2,"minecraft:gold_ore":5,"minecraft:fern":1},"minecraft:broken":{"aa_minecraft_mod:copper_sword":2,"aa_minecraft_mod:copper_axe":1,"aa_minecraft_mod:copper_pickaxe":1,"minecraft:shield":1,"minecraft:iron_axe":2},"minecraft:used":{"minecraft:polished_deepslate":1,"minecraft:ladder":3,"minecraft:red_sandstone_slab":1,"minecraft:poppy":1,"minecraft:bone_block":1,"farmersdelight:cabbage_seeds":1,"minecraft:chest":6,"minecraft:shield":52,"minecraft:stone":1,"minecraft:iron_sword":156,"minecraft:player_head":1,"minecraft:jungle_planks":28,"minecraft:allium":11,"minecraft:cyan_wool":2,"minecraft:rabbit_stew":1,"minecraft:redstone_lamp":5,"minecraft:hay_block":1,"minecraft:furnace":5,"ars_nouveau:archwood_pressure_plate":1,"minecraft:diorite":1,"minecraft:leather_leggings":1,"minecraft:acacia_trapdoor":1,"minecraft:stone_pickaxe":75,"minecraft:wooden_pickaxe":8,"minecraft:redstone_block":1,"minecraft:sugar_cane":2,"minecraft:golden_apple":1,"minecraft:mushroom_stew":3,"minecraft:smooth_red_sandstone":1,"minecraft:red_sandstone_wall":2,"aa_minecraft_mod:copper_axe":26,"minecraft:redstone_torch":4,"minecraft:lever":1,"minecraft:red_sandstone":2,"minecraft:bread":28,"minecraft:melon_slice":4,"ars_nouveau:purple_archwood_log":1,"minecraft:iron_door":3,"minecraft:golden_helmet":1,"minecraft:chainmail_boots":1,"aa_minecraft_mod:copper_armor_helmet":1,"aa_minecraft_mod:copper_sword":79,"minecraft:redstone":1,"minecraft:spruce_planks":6,"minecraft:netherrack":1,"minecraft:torch":27,"minecraft:dirt":18,"minecraft:anvil":1,"minecraft:white_carpet":1,"ars_nouveau:bastion_pod":4,"minecraft:chainmail_chestplate":2,"minecraft:iron_block":1,"minecraft:iron_axe":339,"minecraft:jungle_log":1,"minecraft:smooth_quartz":1,"minecraft:waxed_cut_copper_slab":1,"minecraft:beef":2,"minecraft:cooked_beef":7,"minecraft:acacia_planks":9,"minecraft:beetroot_soup":1,"minecraft:wheat_seeds":1,"minecraft:cooked_mutton":8,"minecraft:water_bucket":8,"minecraft:iron_ore":64,"minecraft:rail":1,"minecraft:tnt":12,"minecraft:dark_prismarine_slab":1,"minecraft:crafting_table":6,"minecraft:white_bed":2,"minecraft:dark_prismarine":9,"aa_minecraft_mod:copper_pickaxe":10,"minecraft:apple":14,"minecraft:iron_pickaxe":229,"minecraft:green_carpet":2,"minecraft:cobblestone":46,"minecraft:potion":1,"minecraft:cooked_porkchop":1,"minecraft:bucket":10,"minecraft:pumpkin_pie":1,"minecraft:dandelion":5},"minecraft:picked_up":{"minecraft:iron_chestplate":5,"minecraft:chainmail_boots":1,"minecraft:redstone_block":1,"minecraft:flower_pot":3,"minecraft:lead":6,"minecraft:potion":2,"minecraft:enchanted_book":2,"minecraft:stone_brick_stairs":1,"minecraft:waxed_cut_copper_slab":1,"minecraft:polished_deepslate":1,"minecraft:music_disc_cat":2,"minecraft:string":4,"aa_minecraft_mod:copper_sword":3,"minecraft:raw_copper":109,"minecraft:smooth_stone_slab":17,"minecraft:iron_leggings":3,"minecraft:beetroot_soup":4,"minecraft:sticky_piston":11,"ars_nouveau:archwood_pressure_plate":1,"minecraft:beetroot":23,"minecraft:gold_nugget":87,"alexsmobs:banana":64,"minecraft:comparator":12,"minecraft:bucket":3,"minecraft:spruce_planks":6,"minecraft:redstone_torch":6,"minecraft:calcite":1,"minecraft:smooth_quartz":44,"minecraft:iron_pickaxe":3,"minecraft:melon_slice":16,"minecraft:coal_block":14,"farmersdelight:cabbage_seeds":1,"minecraft:furnace":2,"minecraft:iron_boots":5,"minecraft:stick":25,"minecraft:jukebox":1,"minecraft:torch":35,"minecraft:acacia_log":46,"minecraft:spruce_stairs":2,"minecraft:porkchop":2,"minecraft:diorite":1,"minecraft:cactus":1,"minecraft:honey_bottle":2,"minecraft:rotten_flesh":8,"minecraft:red_sandstone_slab":1,"farmersdelight:onion":3,"minecraft:iron_block":1,"alexsmobs:emu_egg":2,"minecraft:obsidian":6,"minecraft:iron_bars":1,"minecraft:cobblestone":158,"minecraft:leather_chestplate":1,"minecraft:feather":2,"minecraft:cooked_beef":21,"minecraft:iron_door":3,"minecraft:water_bucket":2,"minecraft:jungle_log":34,"minecraft:chiseled_quartz_block":20,"minecraft:potato":1,"minecraft:gray_concrete":4,"minecraft:dirt":21,"minecraft:name_tag":2,"minecraft:bone":102,"minecraft:acacia_planks":49,"minecraft:bow":2,"minecraft:wheat_seeds":31,"minecraft:raw_gold":5,"minecraft:cyan_candle":98,"minecraft:diamond_helmet":1,"minecraft:bamboo":1,"minecraft:oak_planks":6,"minecraft:red_sandstone_wall":2,"minecraft:music_disc_13":1,"minecraft:jungle_planks":87,"minecraft:dark_prismarine":9,"minecraft:light_gray_concrete":28,"minecraft:dark_prismarine_slab":1,"minecraft:diamond":2,"minecraft:lever":2,"minecraft:golden_apple":3,"minecraft:bread":75,"minecraft:oak_sapling":1,"minecraft:netherrack":1,"minecraft:cocoa_beans":15,"minecraft:charcoal":5,"minecraft:crafting_table":4,"minecraft:allium":11,"minecraft:chicken":1,"minecraft:ladder":3,"minecraft:rabbit_stew":1,"minecraft:leather_leggings":2,"minecraft:turtle_helmet":2,"minecraft:redstone_lamp":3,"irons_spellbooks:tarnished_helmet":2,"minecraft:wooden_pickaxe":1,"aa_minecraft_mod:copper_axe":1,"minecraft:iron_axe":3,"minecraft:white_carpet":2,"minecraft:item_frame":2,"minecraft:beef":14,"minecraft:cyan_wool":2,"minecraft:player_head":7,"minecraft:iron_nugget":40,"minecraft:poppy":36,"alexsmobs:terrapin_bucket":1,"minecraft:lectern":3,"minecraft:sugar_cane":12,"minecraft:chest":1,"minecraft:piston":1,"minecraft:stripped_mangrove_wood":2,"ars_nouveau:purple_archwood_log":38,"minecraft:raw_iron":87,"minecraft:stone":15,"minecraft:copper_ingot":19,"minecraft:bowl":5,"minecraft:note_block":62,"ars_nouveau:purple_archwood_sapling":5,"farmersdelight:tomato_seeds":4,"minecraft:stone_button":1,"minecraft:carrot":42,"minecraft:redstone":93,"minecraft:dark_oak_planks":19,"minecraft:tnt":43,"minecraft:arrow":91,"minecraft:pumpkin_pie":13,"minecraft:hay_block":15,"minecraft:black_banner":1,"minecraft:glistering_melon_slice":21,"minecraft:gold_ingot":62,"minecraft:rail":1,"minecraft:mutton":15,"minecraft:white_wool":6,"minecraft:bone_block":1,"minecraft:oxeye_daisy":1,"minecraft:smooth_red_sandstone":1,"minecraft:leather":6,"minecraft:mushroom_stew":14,"minecraft:chainmail_chestplate":2,"minecraft:gunpowder":59,"minecraft:cooked_mutton":1,"minecraft:apple":49,"minecraft:red_sandstone":2,"minecraft:acacia_trapdoor":1,"minecraft:iron_ingot":90,"minecraft:stone_pickaxe":2,"minecraft:cooked_chicken":5,"minecraft:iron_ore":175,"minecraft:glass_bottle":3,"minecraft:iron_sword":3,"minecraft:flowering_azalea":4,"minecraft:book":86,"minecraft:pumpkin":8,"minecraft:sweet_berries":6,"ars_nouveau:red_archwood_sapling":3,"minecraft:dandelion":30,"aa_minecraft_mod:copper_pickaxe":4,"ars_nouveau:bastion_pod":9,"minecraft:white_bed":4,"minecraft:green_carpet":2,"aa_minecraft_mod:copper_armor_helmet":5,"minecraft:iron_helmet":6,"minecraft:coal":128},"minecraft:killed":{"minecraft:skeleton":18,"minecraft:chicken":1,"minecraft:pig":1,"minecraft:sheep":6,"minecraft:zombie":1,"minecraft:cow":5,"minecraft:drowned":1,"minecraft:husk":14},"minecraft:dropped":{"minecraft:iron_sword":4,"minecraft:cooked_beef":6,"minecraft:cooked_porkchop":8,"minecraft:leather":6,"minecraft:item_frame":2,"minecraft:pumpkin_pie":1,"minecraft:iron_pickaxe":2,"minecraft:glistering_melon_slice":2,"minecraft:sugar_cane":10,"ars_nouveau:purple_archwood_sapling":2,"minecraft:beetroot":11,"minecraft:rotten_flesh":2,"minecraft:cooked_mutton":3,"minecraft:carrot":2,"alexsmobs:terrapin_bucket":1,"minecraft:turtle_helmet":1,"alexsmobs:banana":18,"ars_nouveau:red_archwood_sapling":2,"minecraft:iron_ingot":4,"minecraft:wheat_seeds":7,"minecraft:feather":1,"minecraft:cobblestone":14,"minecraft:apple":1,"ars_nouveau:purple_archwood_log":37,"minecraft:stick":5,"minecraft:diamond_helmet":1,"minecraft:iron_axe":1,"minecraft:dandelion":10,"minecraft:sweet_berries":1,"minecraft:bowl":2,"minecraft:white_carpet":1,"minecraft:name_tag":2,"minecraft:bow":1,"aa_minecraft_mod:copper_sword":1},"minecraft:killed_by":{"minecraft:husk":1,"minecraft:skeleton":3},"minecraft:crafted":{"minecraft:cooked_chicken":1,"minecraft:lever":1,"minecraft:cooked_mutton":10,"minecraft:chest":5,"minecraft:cooked_porkchop":9,"minecraft:crafting_table":4,"minecraft:copper_ingot":13,"minecraft:iron_chestplate":1,"minecraft:charcoal":10,"minecraft:stick":48,"minecraft:iron_ingot":12,"minecraft:iron_pickaxe":3,"minecraft:iron_block":5,"minecraft:gold_ingot":9,"minecraft:redstone_torch":3,"minecraft:furnace":3,"minecraft:iron_axe":4,"minecraft:wheat":324,"minecraft:cooked_beef":12,"aa_minecraft_mod:copper_pickaxe":1,"minecraft:iron_sword":6,"minecraft:mangrove_planks":8,"minecraft:bucket":1,"aa_minecraft_mod:copper_sword":3,"minecraft:bread":108,"minecraft:air":0,"minecraft:jungle_planks":132,"aa_minecraft_mod:copper_axe":1,"minecraft:anvil":1,"minecraft:white_bed":2,"minecraft:acacia_planks":64,"minecraft:torch":24}},"DataVersion":3465}