{"stats":{"minecraft:custom":{"minecraft:interact_with_crafting_table":55,"minecraft:open_barrel":66,"minecraft:eat_cake_slice":12,"minecraft:leave_game":19,"minecraft:time_since_death":2190,"minecraft:damage_resisted":122,"minecraft:sprint_one_cm":1845858,"minecraft:damage_blocked_by_shield":3475,"minecraft:drop":231,"minecraft:play_noteblock":35,"minecraft:talked_to_villager":3,"minecraft:play_time":525266,"minecraft:deaths":19,"minecraft:jump":9430,"minecraft:walk_on_water_one_cm":89545,"minecraft:interact_with_furnace":36,"minecraft:sleep_in_bed":16,"minecraft:waystone_activated":6,"minecraft:damage_dealt":25613,"minecraft:player_kills":1,"minecraft:crouch_one_cm":18760,"minecraft:interact_with_smoker":15,"minecraft:horse_one_cm":36686,"minecraft:interact_with_anvil":1,"minecraft:mob_kills":99,"minecraft:damage_dealt_resisted":572,"minecraft:climb_one_cm":76747,"minecraft:walk_one_cm":956466,"minecraft:sneak_time":13243,"minecraft:walk_under_water_one_cm":45828,"minecraft:interact_with_blast_furnace":7,"minecraft:total_world_time":525266,"minecraft:tune_noteblock":1,"minecraft:time_since_rest":2221,"minecraft:damage_taken":14588,"minecraft:damage_absorbed":10,"minecraft:trigger_trapped_chest":4,"minecraft:swim_one_cm":317150,"minecraft:fly_one_cm":3431665,"minecraft:open_chest":144,"minecraft:fall_one_cm":294073},"minecraft:killed":{"minecraft:cave_spider":1,"minecraft:skeleton":27,"minecraft:chicken":1,"minecraft:pig":1,"minecraft:sheep":10,"minecraft:zombie":5,"alexsmobs:maned_wolf":1,"minecraft:cow":13,"minecraft:drowned":1,"minecraft:husk":26,"alexsmobs:guster":1,"alexsmobs:emu":1,"ars_nouveau:whirlisprig":1,"minecraft:wither_skeleton":1,"minecraft:enderman":1},"minecraft:dropped":{"minecraft:iron_sword":4,"minecraft:cooked_beef":7,"minecraft:cooked_porkchop":8,"minecraft:leather":12,"minecraft:honeycomb":1,"minecraft:jungle_planks":1,"minecraft:item_frame":2,"minecraft:coast_armor_trim_smithing_template":2,"irons_spellbooks:arcane_essence":9,"minecraft:gold_nugget":13,"minecraft:pumpkin_pie":1,"minecraft:sand":2,"minecraft:glistering_melon_slice":2,"minecraft:iron_pickaxe":2,"minecraft:white_wool":1,"irons_spellbooks:emerald_stoneplate_ring":1,"ars_nouveau:wilden_horn":2,"minecraft:sugar_cane":10,"minecraft:iron_nugget":6,"ars_nouveau:purple_archwood_sapling":2,"minecraft:obsidian":9,"minecraft:beetroot":11,"minecraft:rotten_flesh":2,"minecraft:cooked_mutton":3,"minecraft:carrot":2,"minecraft:poppy":1,"alexsmobs:terrapin_bucket":1,"minecraft:turtle_helmet":1,"minecraft:melon_seeds":1,"minecraft:spruce_slab":1,"minecraft:beef":11,"alexsmobs:banana":18,"ars_nouveau:red_archwood_sapling":2,"irons_spellbooks:poisonward_ring":1,"minecraft:iron_ingot":4,"minecraft:bread":71,"minecraft:wheat_seeds":10,"minecraft:feather":1,"minecraft:cobblestone":14,"minecraft:apple":4,"ars_nouveau:purple_archwood_log":37,"minecraft:stick":15,"irons_spellbooks:scroll":4,"minecraft:iron_block":10,"minecraft:diamond_helmet":1,"minecraft:fire_charge":1,"irons_spellbooks:common_ink":4,"minecraft:iron_axe":1,"minecraft:dandelion":10,"minecraft:sweet_berries":1,"minecraft:blaze_rod":22,"minecraft:bowl":2,"irons_spellbooks:uncommon_ink":3,"farmersdelight:cabbage_seeds":1,"minecraft:white_carpet":1,"minecraft:iron_boots":1,"minecraft:name_tag":3,"minecraft:shield":1,"minecraft:spruce_planks":1,"minecraft:bow":1,"aa_minecraft_mod:copper_sword":1},"minecraft:crafted":{"minecraft:yellow_wool":3,"minecraft:oak_planks":24,"ars_nouveau:archwood_planks":64,"minecraft:cooked_chicken":1,"minecraft:lever":1,"minecraft:cooked_mutton":12,"minecraft:iron_boots":1,"minecraft:melon_seeds":1,"minecraft:chest":14,"minecraft:cooked_porkchop":9,"minecraft:crafting_table":6,"minecraft:iron_helmet":1,"minecraft:copper_ingot":13,"minecraft:yellow_dye":3,"minecraft:iron_chestplate":2,"minecraft:charcoal":10,"minecraft:shield":1,"minecraft:stick":84,"minecraft:iron_ingot":48,"minecraft:iron_pickaxe":6,"minecraft:iron_block":15,"minecraft:gold_ingot":9,"minecraft:redstone_torch":3,"minecraft:furnace":3,"minecraft:yellow_bed":1,"minecraft:iron_axe":6,"minecraft:dark_oak_planks":140,"minecraft:wheat":414,"minecraft:cooked_beef":14,"aa_minecraft_mod:copper_pickaxe":1,"minecraft:iron_sword":9,"minecraft:mangrove_planks":8,"minecraft:dark_oak_button":8,"minecraft:bucket":1,"aa_minecraft_mod:copper_sword":3,"minecraft:bread":138,"minecraft:air":0,"minecraft:jungle_planks":140,"aa_minecraft_mod:copper_axe":1,"minecraft:iron_leggings":1,"minecraft:anvil":1,"minecraft:white_bed":2,"minecraft:acacia_planks":104,"minecraft:torch":24},"minecraft:used":{"minecraft:red_sand":1,"farmersdelight:onion_crate":3,"minecraft:blue_terracotta":2,"minecraft:polished_deepslate":1,"farmersdelight:cabbage_seeds":1,"minecraft:red_sandstone_slab":1,"minecraft:ladder":3,"minecraft:poppy":1,"minecraft:bone_block":1,"minecraft:chest":18,"minecraft:shield":79,"minecraft:stone":1,"minecraft:iron_sword":415,"minecraft:player_head":1,"minecraft:iron_chestplate":2,"minecraft:mutton":2,"minecraft:jungle_planks":36,"minecraft:allium":11,"minecraft:cyan_wool":2,"minecraft:iron_helmet":1,"minecraft:dark_oak_button":8,"minecraft:rabbit_stew":1,"minecraft:redstone_lamp":5,"minecraft:hay_block":1,"minecraft:furnace":5,"ars_nouveau:archwood_pressure_plate":1,"minecraft:diorite":1,"minecraft:leather_leggings":1,"minecraft:acacia_trapdoor":1,"minecraft:stone_pickaxe":75,"minecraft:gray_carpet":1,"minecraft:oak_planks":21,"minecraft:wooden_pickaxe":8,"minecraft:redstone_block":1,"minecraft:sugar_cane":2,"minecraft:golden_apple":3,"minecraft:sand":23,"minecraft:mushroom_stew":3,"minecraft:smooth_red_sandstone":1,"minecraft:red_sandstone_wall":2,"aa_minecraft_mod:copper_axe":26,"minecraft:redstone_torch":4,"waystones:waystone":3,"minecraft:lever":1,"minecraft:red_sandstone":18,"minecraft:cyan_carpet":3,"minecraft:melon_slice":11,"minecraft:bread":132,"ars_nouveau:purple_archwood_log":1,"minecraft:iron_door":3,"minecraft:golden_helmet":1,"minecraft:chainmail_boots":1,"minecraft:dark_oak_fence":2,"aa_minecraft_mod:copper_armor_helmet":1,"aa_minecraft_mod:copper_sword":79,"minecraft:redstone":1,"minecraft:spruce_planks":11,"minecraft:netherrack":1,"minecraft:torch":27,"minecraft:dirt":26,"minecraft:anvil":1,"minecraft:white_carpet":1,"minecraft:chainmail_chestplate":2,"ars_nouveau:bastion_pod":4,"minecraft:spruce_stairs":1,"minecraft:dark_oak_planks":5,"minecraft:iron_block":1,"minecraft:iron_axe":446,"minecraft:jungle_log":1,"minecraft:iron_boots":1,"minecraft:smooth_quartz":1,"minecraft:diamond_chestplate":2,"minecraft:waxed_cut_copper_slab":1,"minecraft:beef":2,"minecraft:cooked_beef":11,"minecraft:cobbled_deepslate":74,"minecraft:acacia_planks":9,"minecraft:iron_leggings":2,"minecraft:beetroot_soup":1,"minecraft:calcite":2,"minecraft:wheat_seeds":1,"minecraft:cooked_mutton":10,"minecraft:water_bucket":8,"minecraft:iron_ore":64,"farmersdelight:golden_knife":11,"minecraft:rail":1,"minecraft:dark_prismarine_slab":1,"minecraft:tnt":12,"minecraft:crafting_table":9,"minecraft:white_bed":2,"minecraft:smoker":1,"minecraft:dark_prismarine":9,"aa_minecraft_mod:copper_pickaxe":10,"minecraft:apple":36,"minecraft:iron_pickaxe":312,"minecraft:jungle_stairs":3,"minecraft:green_carpet":2,"minecraft:cobblestone":59,"minecraft:potion":1,"minecraft:cooked_porkchop":1,"minecraft:bucket":10,"minecraft:yellow_bed":3,"minecraft:pumpkin_pie":1,"minecraft:dandelion":5,"minecraft:candle":1,"alexsmobs:emu_egg":1},"minecraft:mined":{"minecraft:dark_oak_planks":17,"minecraft:waxed_cut_copper_slab":1,"minecraft:spruce_planks":7,"minecraft:stone_pressure_plate":1,"minecraft:white_bed":2,"minecraft:jungle_leaves":39,"minecraft:red_sand":1,"minecraft:acacia_log":41,"minecraft:grass_block":14,"minecraft:jungle_log":40,"ars_nouveau:bastion_pod":1,"minecraft:coal_block":14,"minecraft:spawner":14,"minecraft:iron_ore":87,"minecraft:cobbled_deepslate":16,"minecraft:fire":5,"minecraft:pumpkin":2,"minecraft:moss_carpet":3,"minecraft:smooth_red_sandstone":1,"minecraft:iron_bars":1,"minecraft:light_gray_concrete":7,"minecraft:green_carpet":2,"minecraft:stripped_mangrove_wood":2,"minecraft:iron_block":1,"minecraft:player_head":3,"minecraft:spruce_slab":1,"minecraft:smoker":1,"minecraft:chiseled_quartz_block":11,"minecraft:note_block":24,"minecraft:jungle_stairs":7,"minecraft:dark_oak_wood":2,"minecraft:calcite":3,"minecraft:poppy":3,"minecraft:melon":6,"minecraft:chest":5,"minecraft:dead_bush":6,"farmersdelight:cabbages":1,"minecraft:cobblestone":21,"minecraft:sugar_cane":7,"ars_nouveau:red_archwood_leaves":13,"minecraft:iron_door":3,"minecraft:blue_terracotta":2,"minecraft:jungle_wood":2,"minecraft:wheat":2,"minecraft:jukebox":1,"minecraft:tnt":13,"minecraft:stone_brick_stairs":1,"minecraft:grass":19,"minecraft:oak_log":6,"minecraft:sand":23,"minecraft:dirt":16,"minecraft:smooth_quartz":28,"minecraft:netherrack":6,"minecraft:piston":1,"minecraft:oak_leaves":59,"minecraft:cyan_candle":12,"minecraft:redstone_lamp":2,"farmersdelight:wild_carrots":1,"minecraft:dark_oak_log":33,"minecraft:potted_flowering_azalea_bush":1,"minecraft:lever":2,"minecraft:ladder":4,"minecraft:dark_oak_fence":2,"minecraft:allium":2,"minecraft:jungle_planks":6,"minecraft:redstone_wire":3,"farmersdelight:wild_cabbages":1,"minecraft:black_stained_glass_pane":2,"minecraft:hay_block":18,"farmersdelight:wild_onions":4,"minecraft:furnace":3,"minecraft:acacia_trapdoor":1,"minecraft:red_sandstone":19,"minecraft:polished_deepslate":1,"minecraft:bookshelf":17,"minecraft:vine":13,"minecraft:stone":71,"ars_nouveau:purple_archwood_log":52,"minecraft:redstone_wall_torch":2,"minecraft:acacia_leaves":2,"minecraft:redstone_block":1,"minecraft:gray_concrete":4,"minecraft:dandelion":3,"minecraft:crafting_table":6,"minecraft:diorite":1,"minecraft:spruce_stairs":2,"ars_nouveau:blue_archwood_log":18,"minecraft:black_wall_banner":1,"minecraft:white_carpet":2,"minecraft:yellow_bed":2,"minecraft:coal_ore":46,"minecraft:cocoa":2,"minecraft:cyan_carpet":3,"minecraft:gravel":2,"minecraft:gray_carpet":1,"minecraft:cobweb":2,"minecraft:acacia_planks":2,"minecraft:gold_ore":5,"minecraft:fern":3},"minecraft:broken":{"aa_minecraft_mod:copper_sword":2,"aa_minecraft_mod:copper_axe":1,"aa_minecraft_mod:copper_pickaxe":1,"minecraft:shield":1,"minecraft:iron_axe":2},"minecraft:killed_by":{"irons_spellbooks:pyromancer":2,"minecraft:husk":3,"minecraft:player":2,"minecraft:skeleton":7,"irons_spellbooks:archevoker":1},"minecraft:picked_up":{"irons_spellbooks:scroll":5,"minecraft:iron_chestplate":10,"minecraft:redstone_block":1,"minecraft:chainmail_boots":1,"minecraft:flower_pot":3,"minecraft:lead":8,"minecraft:potion":4,"minecraft:enchanted_book":5,"minecraft:stone_brick_stairs":1,"minecraft:polished_deepslate":1,"minecraft:music_disc_cat":2,"minecraft:string":5,"aa_minecraft_mod:copper_sword":3,"minecraft:waxed_cut_copper_slab":1,"minecraft:raw_copper":109,"minecraft:smooth_stone_slab":17,"minecraft:iron_leggings":7,"minecraft:beetroot_soup":4,"minecraft:sticky_piston":11,"ars_nouveau:archwood_pressure_plate":1,"minecraft:beetroot":23,"alexsmobs:emu_feather":2,"minecraft:red_sand":1,"irons_spellbooks:arcane_essence":10,"alexsmobs:banana":64,"minecraft:gold_nugget":113,"minecraft:cobbled_deepslate":222,"minecraft:comparator":12,"minecraft:bucket":3,"minecraft:spruce_planks":14,"minecraft:redstone_torch":6,"minecraft:calcite":5,"minecraft:smooth_quartz":44,"minecraft:iron_pickaxe":11,"minecraft:melon_slice":97,"minecraft:coal_block":28,"farmersdelight:cabbage_seeds":2,"minecraft:iron_boots":10,"minecraft:furnace":2,"minecraft:stick":76,"minecraft:jukebox":1,"minecraft:torch":35,"minecraft:acacia_log":56,"minecraft:spruce_stairs":3,"minecraft:porkchop":2,"minecraft:diorite":1,"minecraft:goat_horn":3,"minecraft:cactus":2,"minecraft:honey_bottle":2,"minecraft:rotten_flesh":61,"artifacts:villager_hat":3,"minecraft:red_sandstone_slab":1,"farmersdelight:onion":3,"minecraft:iron_block":56,"alexsmobs:emu_egg":3,"minecraft:blaze_rod":21,"minecraft:obsidian":12,"minecraft:iron_bars":1,"minecraft:cobblestone":175,"minecraft:dune_armor_trim_smithing_template":2,"minecraft:leather_chestplate":1,"minecraft:feather":14,"farmersdelight:onion_crate":12,"minecraft:cooked_beef":24,"farmersdelight:rice":4,"minecraft:iron_door":3,"minecraft:water_bucket":2,"minecraft:jungle_log":34,"minecraft:jungle_wood":2,"minecraft:chiseled_quartz_block":20,"minecraft:smoker":1,"minecraft:potato":2,"minecraft:gray_concrete":4,"minecraft:dirt":31,"minecraft:name_tag":2,"minecraft:bone":161,"minecraft:acacia_planks":89,"minecraft:bow":2,"ars_nouveau:source_gem":3,"minecraft:wheat_seeds":40,"minecraft:raw_gold":10,"minecraft:cyan_candle":98,"minecraft:diamond_helmet":2,"minecraft:bamboo":1,"minecraft:oak_planks":9,"minecraft:honeycomb":1,"minecraft:red_sandstone_wall":2,"minecraft:music_disc_13":1,"minecraft:sand":25,"minecraft:jungle_planks":111,"minecraft:grass_block":1,"minecraft:dark_oak_log":33,"minecraft:dark_prismarine":9,"minecraft:light_gray_concrete":28,"minecraft:dark_prismarine_slab":1,"minecraft:blue_terracotta":2,"waystones:waystone":4,"minecraft:diamond":12,"artifacts:crystal_heart":2,"minecraft:lever":2,"minecraft:golden_apple":6,"minecraft:emerald":15,"minecraft:bread":328,"alexsmobs:maggot":1,"minecraft:dark_oak_fence":2,"minecraft:oak_sapling":1,"irons_spellbooks:uncommon_ink":2,"minecraft:netherrack":2,"minecraft:cocoa_beans":15,"minecraft:charcoal":9,"minecraft:crafting_table":6,"minecraft:allium":11,"minecraft:chicken":1,"minecraft:ladder":3,"minecraft:rabbit_stew":1,"minecraft:turtle_helmet":2,"minecraft:leather_leggings":3,"minecraft:redstone_lamp":3,"irons_spellbooks:tarnished_helmet":2,"minecraft:wooden_pickaxe":1,"alexsmobs:roadrunner_feather":2,"aa_minecraft_mod:copper_axe":1,"minecraft:shield":1,"minecraft:iron_axe":10,"minecraft:moss_carpet":2,"minecraft:item_frame":3,"minecraft:white_carpet":2,"minecraft:cyan_carpet":3,"minecraft:candle":2,"minecraft:beef":52,"minecraft:cyan_wool":2,"minecraft:player_head":7,"minecraft:iron_nugget":70,"minecraft:poppy":39,"minecraft:spruce_slab":2,"alexsmobs:terrapin_bucket":1,"irons_spellbooks:emerald_stoneplate_ring":1,"minecraft:lectern":3,"farmersdelight:golden_knife":5,"minecraft:sugar_cane":12,"minecraft:chest":6,"minecraft:birch_sapling":2,"minecraft:piston":1,"minecraft:dark_oak_sapling":1,"ars_nouveau:purple_archwood_log":38,"minecraft:raw_iron":131,"minecraft:stripped_mangrove_wood":2,"minecraft:stone":15,"minecraft:copper_ingot":19,"minecraft:bowl":5,"ars_nouveau:blue_archwood_log":16,"ars_nouveau:purple_archwood_sapling":5,"minecraft:note_block":62,"minecraft:fire_charge":2,"farmersdelight:tomato_seeds":4,"ars_nouveau:frostaya_pod":3,"minecraft:stone_button":1,"minecraft:carrot":45,"minecraft:redstone":93,"ars_nouveau:wixie_shards":2,"minecraft:stone_pressure_plate":1,"minecraft:dark_oak_planks":211,"minecraft:tnt":79,"minecraft:diamond_chestplate":1,"minecraft:arrow":121,"minecraft:pumpkin_pie":13,"minecraft:jungle_stairs":5,"minecraft:hay_block":35,"minecraft:black_banner":1,"minecraft:glistering_melon_slice":21,"minecraft:saddle":3,"minecraft:gold_ingot":66,"minecraft:mutton":31,"minecraft:white_wool":9,"minecraft:bone_block":1,"minecraft:rail":1,"minecraft:oxeye_daisy":1,"minecraft:smooth_red_sandstone":1,"minecraft:leather":34,"minecraft:filled_map":1,"minecraft:mushroom_stew":14,"minecraft:oak_log":6,"minecraft:chainmail_chestplate":2,"minecraft:yellow_bed":2,"minecraft:gunpowder":59,"minecraft:paper":2,"minecraft:cooked_mutton":1,"irons_spellbooks:common_ink":10,"minecraft:smooth_sandstone":4,"minecraft:coast_armor_trim_smithing_template":8,"minecraft:apple":101,"minecraft:gray_carpet":1,"minecraft:red_sandstone":18,"minecraft:acacia_trapdoor":1,"minecraft:iron_ingot":182,"minecraft:stone_pickaxe":2,"minecraft:cooked_chicken":5,"minecraft:iron_ore":175,"minecraft:glass_bottle":3,"minecraft:iron_sword":10,"minecraft:flowering_azalea":4,"minecraft:book":99,"minecraft:pumpkin":12,"minecraft:sweet_berries":6,"ars_nouveau:red_archwood_sapling":3,"minecraft:dandelion":33,"aa_minecraft_mod:copper_pickaxe":4,"ars_nouveau:bastion_pod":9,"minecraft:amethyst_shard":7,"minecraft:white_bed":6,"minecraft:green_carpet":2,"minecraft:spider_eye":1,"aa_minecraft_mod:copper_armor_helmet":5,"ars_nouveau:wilden_spike":3,"minecraft:iron_helmet":11,"minecraft:gray_wool":2,"minecraft:dark_oak_wood":2,"minecraft:coal":172}},"DataVersion":3465}