{"stats":{"minecraft:custom":{"minecraft:interact_with_crafting_table":73,"minecraft:open_barrel":82,"minecraft:open_shulker_box":45,"minecraft:eat_cake_slice":12,"minecraft:leave_game":21,"minecraft:time_since_death":32384,"minecraft:damage_resisted":122,"minecraft:sprint_one_cm":2325894,"minecraft:damage_blocked_by_shield":3475,"minecraft:drop":264,"minecraft:play_noteblock":35,"minecraft:talked_to_villager":4,"minecraft:play_time":660073,"minecraft:deaths":27,"minecraft:jump":11405,"minecraft:walk_on_water_one_cm":103486,"minecraft:interact_with_furnace":60,"minecraft:sleep_in_bed":23,"minecraft:waystone_activated":7,"minecraft:damage_dealt":34428,"minecraft:player_kills":1,"minecraft:crouch_one_cm":21224,"minecraft:interact_with_smoker":30,"minecraft:horse_one_cm":150699,"minecraft:interact_with_anvil":1,"minecraft:mob_kills":130,"minecraft:damage_dealt_resisted":572,"minecraft:climb_one_cm":77940,"minecraft:walk_one_cm":1144169,"minecraft:sneak_time":16620,"minecraft:walk_under_water_one_cm":53845,"minecraft:interact_with_blast_furnace":7,"minecraft:total_world_time":660073,"minecraft:tune_noteblock":1,"minecraft:time_since_rest":3400,"minecraft:damage_taken":18206,"minecraft:damage_absorbed":50,"minecraft:trigger_trapped_chest":4,"minecraft:swim_one_cm":324469,"minecraft:fly_one_cm":4388917,"minecraft:open_chest":268,"minecraft:fall_one_cm":343753},"minecraft:mined":{"minecraft:black_shulker_box":8,"minecraft:waxed_cut_copper_slab":1,"minecraft:spruce_planks":7,"minecraft:white_bed":2,"minecraft:stone_pressure_plate":1,"farmersdelight:roast_chicken_block":1,"minecraft:jungle_leaves":39,"minecraft:grass_block":15,"minecraft:red_sand":6,"minecraft:acacia_log":41,"minecraft:jungle_log":40,"ars_nouveau:bastion_pod":1,"minecraft:coal_block":14,"minecraft:oxeye_daisy":1,"minecraft:spawner":31,"minecraft:iron_ore":87,"minecraft:fire":5,"minecraft:cobbled_deepslate":16,"minecraft:moss_carpet":3,"minecraft:pumpkin":2,"minecraft:enchanting_table":1,"minecraft:smooth_red_sandstone":1,"minecraft:iron_bars":1,"minecraft:light_gray_concrete":7,"minecraft:green_carpet":2,"minecraft:white_shulker_box":9,"minecraft:spruce_wood":24,"minecraft:stripped_mangrove_wood":2,"minecraft:iron_block":1,"minecraft:player_head":6,"minecraft:spruce_slab":1,"minecraft:smoker":1,"minecraft:orange_terracotta":4,"minecraft:chiseled_quartz_block":11,"minecraft:note_block":24,"minecraft:jungle_stairs":7,"minecraft:dark_oak_wood":24,"minecraft:calcite":3,"minecraft:poppy":3,"minecraft:melon":6,"minecraft:chest":11,"minecraft:dead_bush":17,"farmersdelight:cabbages":1,"minecraft:cobblestone":22,"minecraft:sugar_cane":7,"minecraft:iron_door":3,"ars_nouveau:red_archwood_leaves":13,"minecraft:magenta_shulker_box":6,"minecraft:blue_terracotta":2,"minecraft:dark_oak_slab":2,"minecraft:jungle_wood":39,"minecraft:warped_planks":1,"minecraft:wheat":2,"minecraft:lilac":1,"minecraft:jukebox":1,"minecraft:tnt":14,"minecraft:stone_brick_stairs":1,"minecraft:grass":21,"minecraft:oak_log":6,"minecraft:dirt":19,"minecraft:smooth_quartz":28,"minecraft:sand":24,"minecraft:stripped_birch_wood":27,"minecraft:piston":1,"minecraft:netherrack":6,"minecraft:cyan_candle":12,"minecraft:oak_leaves":59,"minecraft:redstone_lamp":2,"farmersdelight:honey_glazed_ham_block":1,"farmersdelight:wild_carrots":1,"minecraft:dark_oak_log":33,"minecraft:potted_flowering_azalea_bush":1,"minecraft:lever":2,"minecraft:dark_oak_fence":2,"minecraft:ladder":4,"minecraft:allium":3,"minecraft:jungle_planks":6,"minecraft:redstone_wire":3,"farmersdelight:wild_cabbages":1,"minecraft:black_stained_glass_pane":2,"minecraft:hay_block":30,"farmersdelight:wild_onions":4,"minecraft:furnace":3,"minecraft:acacia_trapdoor":1,"minecraft:red_sandstone":19,"minecraft:acacia_wood":16,"minecraft:polished_deepslate":1,"minecraft:bookshelf":17,"minecraft:vine":13,"minecraft:stone":114,"ars_nouveau:purple_archwood_log":52,"minecraft:redstone_wall_torch":6,"minecraft:acacia_leaves":4,"minecraft:redstone_block":1,"minecraft:gray_concrete":4,"minecraft:lily_of_the_valley":1,"minecraft:dandelion":3,"minecraft:crafting_table":7,"minecraft:tall_grass":4,"minecraft:diorite":1,"minecraft:spruce_stairs":2,"ars_nouveau:blue_archwood_log":18,"minecraft:black_wall_banner":1,"minecraft:white_carpet":2,"minecraft:yellow_bed":3,"minecraft:coal_ore":46,"minecraft:cocoa":2,"minecraft:cyan_carpet":3,"minecraft:gravel":2,"minecraft:gray_carpet":1,"minecraft:cobweb":2,"minecraft:purple_shulker_box":7,"minecraft:acacia_planks":2,"minecraft:gold_ore":5,"minecraft:fern":3,"minecraft:dark_oak_planks":19},"minecraft:broken":{"aa_minecraft_mod:copper_sword":2,"minecraft:iron_leggings":1,"aa_minecraft_mod:copper_axe":1,"minecraft:iron_sword":1,"aa_minecraft_mod:copper_pickaxe":1,"minecraft:shield":1,"minecraft:iron_axe":2,"minecraft:netherite_boots":1},"minecraft:used":{"minecraft:blue_terracotta":2,"farmersdelight:onion_crate":3,"minecraft:red_sand":6,"minecraft:polished_deepslate":1,"farmersdelight:cabbage_seeds":1,"minecraft:ladder":3,"minecraft:red_sandstone_slab":1,"minecraft:poppy":1,"minecraft:bone_block":1,"minecraft:chest":20,"minecraft:shield":79,"minecraft:iron_sword":734,"minecraft:stone":1,"minecraft:purple_shulker_box":7,"minecraft:white_shulker_box":9,"minecraft:player_head":1,"minecraft:iron_chestplate":3,"minecraft:mutton":2,"minecraft:jungle_planks":36,"minecraft:allium":12,"minecraft:cyan_wool":2,"farmersdelight:roast_chicken":2,"minecraft:iron_helmet":1,"minecraft:dark_oak_slab":2,"minecraft:dark_oak_button":8,"minecraft:netherite_boots":1,"minecraft:rabbit_stew":1,"minecraft:redstone_lamp":5,"minecraft:hay_block":1,"minecraft:furnace":7,"ars_nouveau:archwood_pressure_plate":1,"minecraft:magenta_shulker_box":6,"minecraft:diorite":1,"minecraft:leather_leggings":1,"minecraft:stone_pickaxe":75,"minecraft:gray_carpet":1,"minecraft:acacia_trapdoor":1,"minecraft:chorus_fruit":3,"minecraft:oak_planks":21,"minecraft:wooden_pickaxe":8,"artifacts:eternal_steak":10,"minecraft:redstone_block":1,"minecraft:sugar_cane":2,"minecraft:golden_apple":4,"minecraft:sand":32,"minecraft:mushroom_stew":3,"minecraft:smooth_red_sandstone":1,"minecraft:red_sandstone_wall":2,"aa_minecraft_mod:copper_axe":26,"minecraft:redstone_torch":7,"waystones:waystone":3,"minecraft:lever":1,"minecraft:red_sandstone":18,"minecraft:cyan_carpet":3,"minecraft:melon_slice":11,"minecraft:bread":134,"ars_nouveau:purple_archwood_log":1,"minecraft:iron_door":3,"minecraft:golden_helmet":1,"minecraft:chainmail_boots":1,"minecraft:dark_oak_fence":2,"aa_minecraft_mod:copper_sword":79,"aa_minecraft_mod:copper_armor_helmet":1,"minecraft:redstone":1,"minecraft:spruce_planks":11,"minecraft:netherrack":1,"minecraft:torch":104,"minecraft:dirt":30,"minecraft:anvil":1,"minecraft:white_carpet":1,"minecraft:chainmail_chestplate":2,"ars_nouveau:bastion_pod":4,"minecraft:spruce_stairs":1,"minecraft:diamond_helmet":1,"minecraft:dark_oak_planks":41,"minecraft:iron_axe":613,"minecraft:iron_block":1,"minecraft:jungle_log":1,"minecraft:iron_boots":1,"minecraft:smooth_quartz":1,"minecraft:diamond_chestplate":4,"minecraft:waxed_cut_copper_slab":1,"minecraft:beef":2,"minecraft:cooked_beef":20,"minecraft:cobbled_deepslate":74,"minecraft:acacia_planks":9,"minecraft:beetroot_soup":1,"minecraft:iron_leggings":4,"farmersdelight:roast_chicken_block":1,"minecraft:calcite":2,"minecraft:cooked_mutton":10,"minecraft:wheat_seeds":1,"minecraft:water_bucket":8,"minecraft:iron_ore":64,"minecraft:birch_planks":1,"farmersdelight:honey_glazed_ham_block":1,"farmersdelight:golden_knife":11,"minecraft:black_shulker_box":8,"minecraft:rail":1,"minecraft:tnt":25,"minecraft:dark_prismarine_slab":1,"minecraft:crafting_table":10,"minecraft:white_bed":2,"minecraft:smoker":1,"minecraft:dark_prismarine":9,"aa_minecraft_mod:copper_pickaxe":10,"minecraft:apple":36,"minecraft:iron_pickaxe":419,"minecraft:jungle_stairs":3,"minecraft:green_carpet":2,"minecraft:cobblestone":84,"minecraft:potion":1,"minecraft:cooked_porkchop":1,"minecraft:bucket":10,"minecraft:pumpkin_pie":1,"minecraft:yellow_bed":4,"farmersdelight:honey_glazed_ham":1,"minecraft:diamond_leggings":1,"minecraft:dandelion":5,"minecraft:splash_potion":15,"minecraft:candle":1,"alexsmobs:emu_egg":1},"minecraft:picked_up":{"irons_spellbooks:scroll":5,"minecraft:iron_chestplate":10,"minecraft:wheat":6,"minecraft:redstone_block":1,"minecraft:chainmail_boots":1,"minecraft:flower_pot":4,"minecraft:lead":11,"minecraft:potion":4,"minecraft:enchanted_book":13,"magistuarmory:barding":1,"minecraft:purple_shulker_box":8,"minecraft:stone_brick_stairs":1,"minecraft:polished_deepslate":1,"minecraft:music_disc_cat":2,"minecraft:string":21,"aa_minecraft_mod:copper_sword":3,"minecraft:waxed_cut_copper_slab":1,"minecraft:raw_copper":109,"minecraft:smooth_stone_slab":17,"minecraft:iron_leggings":10,"minecraft:beetroot_soup":4,"minecraft:sticky_piston":11,"minecraft:diamond_leggings":1,"farmersdelight:roast_chicken":1,"ars_nouveau:archwood_pressure_plate":1,"minecraft:smooth_red_sandstone_slab":2,"minecraft:beetroot":23,"alexsmobs:banana":64,"minecraft:black_shulker_box":9,"irons_spellbooks:arcane_essence":10,"alexsmobs:emu_feather":2,"minecraft:red_sand":6,"minecraft:gold_nugget":113,"minecraft:cobbled_deepslate":222,"minecraft:comparator":12,"minecraft:bucket":3,"minecraft:spruce_planks":14,"minecraft:rose_bush":2,"minecraft:redstone_torch":10,"minecraft:calcite":5,"minecraft:smooth_quartz":44,"minecraft:iron_pickaxe":15,"minecraft:melon_slice":97,"minecraft:coal_block":28,"farmersdelight:cabbage_seeds":2,"minecraft:iron_boots":10,"minecraft:furnace":2,"minecraft:tipped_arrow":7,"minecraft:stick":134,"minecraft:jukebox":1,"minecraft:torch":252,"minecraft:acacia_log":56,"minecraft:spruce_stairs":3,"minecraft:porkchop":2,"minecraft:diorite":1,"minecraft:warped_planks":1,"minecraft:goat_horn":7,"minecraft:cactus":2,"minecraft:honey_bottle":2,"minecraft:rotten_flesh":85,"artifacts:villager_hat":3,"minecraft:red_sandstone_slab":1,"farmersdelight:onion":3,"minecraft:iron_block":56,"alexsmobs:emu_egg":3,"minecraft:netherite_chestplate":1,"minecraft:blaze_rod":21,"minecraft:stripped_birch_wood":27,"minecraft:obsidian":12,"minecraft:iron_bars":1,"minecraft:cobblestone":231,"minecraft:enchanting_table":2,"minecraft:lilac":2,"minecraft:dune_armor_trim_smithing_template":5,"minecraft:leather_chestplate":1,"minecraft:feather":14,"farmersdelight:onion_crate":12,"minecraft:cooked_beef":27,"farmersdelight:rice":4,"minecraft:iron_door":3,"minecraft:water_bucket":2,"minecraft:jungle_log":34,"minecraft:jungle_wood":39,"minecraft:chiseled_quartz_block":20,"minecraft:smoker":1,"minecraft:potato":2,"minecraft:smooth_sandstone_stairs":8,"minecraft:gray_concrete":4,"minecraft:dirt":35,"minecraft:name_tag":6,"minecraft:bone":253,"farmersdelight:iron_knife":3,"minecraft:acacia_planks":123,"minecraft:bow":2,"ars_nouveau:source_gem":3,"minecraft:wheat_seeds":42,"minecraft:raw_gold":10,"minecraft:cyan_candle":98,"minecraft:diamond_helmet":5,"minecraft:bamboo":1,"minecraft:oak_planks":9,"minecraft:honeycomb":1,"minecraft:red_sandstone_wall":2,"minecraft:music_disc_13":4,"minecraft:sand":33,"minecraft:jungle_planks":111,"minecraft:crimson_door":4,"minecraft:grass_block":1,"minecraft:lily_of_the_valley":1,"minecraft:dark_oak_log":33,"minecraft:dark_prismarine":9,"minecraft:light_gray_concrete":28,"minecraft:dark_prismarine_slab":1,"minecraft:blue_terracotta":2,"minecraft:diamond":24,"minecraft:lever":2,"artifacts:crystal_heart":2,"waystones:waystone":4,"minecraft:bone_meal":1,"minecraft:golden_apple":7,"minecraft:emerald":31,"minecraft:golden_horse_armor":1,"minecraft:bread":330,"alexsmobs:maggot":1,"irons_spellbooks:uncommon_ink":2,"minecraft:oak_sapling":1,"minecraft:netherrack":2,"minecraft:chorus_fruit":17,"minecraft:dark_oak_fence":2,"minecraft:charcoal":9,"minecraft:cocoa_beans":15,"minecraft:crafting_table":9,"minecraft:allium":12,"minecraft:splash_potion":22,"minecraft:chicken":1,"minecraft:ladder":3,"minecraft:rabbit_stew":1,"minecraft:turtle_helmet":2,"minecraft:leather_leggings":3,"minecraft:redstone_lamp":3,"irons_spellbooks:tarnished_helmet":2,"minecraft:wooden_pickaxe":1,"alexsmobs:roadrunner_feather":2,"minecraft:gold_block":2,"minecraft:diamond_horse_armor":5,"aa_minecraft_mod:copper_axe":1,"minecraft:shield":1,"minecraft:moss_carpet":2,"minecraft:iron_axe":13,"minecraft:item_frame":3,"minecraft:white_carpet":2,"minecraft:cyan_carpet":3,"farmersdelight:honey_glazed_ham":2,"minecraft:candle":2,"minecraft:beef":75,"minecraft:cyan_wool":2,"minecraft:player_head":11,"minecraft:iron_nugget":70,"minecraft:poppy":39,"minecraft:spruce_slab":2,"alexsmobs:terrapin_bucket":1,"irons_spellbooks:emerald_stoneplate_ring":1,"minecraft:lectern":3,"farmersdelight:golden_knife":5,"minecraft:sugar_cane":12,"minecraft:chest":11,"minecraft:birch_sapling":2,"minecraft:piston":1,"minecraft:egg":1,"minecraft:dark_oak_sapling":1,"minecraft:raw_iron":131,"minecraft:stripped_mangrove_wood":2,"ars_nouveau:purple_archwood_log":38,"minecraft:stone":15,"minecraft:copper_ingot":19,"minecraft:bowl":8,"ars_nouveau:purple_archwood_sapling":5,"minecraft:note_block":62,"minecraft:fire_charge":2,"ars_nouveau:blue_archwood_log":16,"farmersdelight:tomato_seeds":4,"ars_nouveau:frostaya_pod":3,"minecraft:stone_button":1,"minecraft:magenta_shulker_box":8,"minecraft:carrot":45,"minecraft:redstone":93,"minecraft:iron_horse_armor":1,"ars_nouveau:wixie_shards":2,"minecraft:stone_pressure_plate":1,"minecraft:dark_oak_planks":252,"minecraft:tnt":80,"artifacts:everlasting_beef":1,"minecraft:arrow":135,"minecraft:diamond_chestplate":6,"minecraft:pumpkin_pie":13,"minecraft:jungle_stairs":5,"minecraft:diamond_boots":2,"minecraft:hay_block":59,"minecraft:gold_ingot":101,"minecraft:saddle":9,"minecraft:glistering_melon_slice":21,"minecraft:black_banner":1,"minecraft:white_shulker_box":10,"minecraft:mutton":31,"minecraft:white_wool":9,"minecraft:bone_block":1,"minecraft:rail":1,"minecraft:oxeye_daisy":1,"minecraft:netherite_boots":3,"artifacts:eternal_steak":2,"minecraft:smooth_red_sandstone":1,"minecraft:leather":52,"minecraft:acacia_wood":18,"minecraft:filled_map":1,"minecraft:birch_planks":4,"minecraft:mushroom_stew":14,"minecraft:oak_log":6,"minecraft:chainmail_chestplate":2,"minecraft:yellow_bed":3,"minecraft:gunpowder":69,"minecraft:paper":2,"minecraft:cooked_mutton":1,"irons_spellbooks:common_ink":10,"minecraft:smooth_sandstone":4,"minecraft:coast_armor_trim_smithing_template":8,"minecraft:apple":101,"minecraft:gray_carpet":1,"minecraft:red_sandstone":18,"minecraft:acacia_trapdoor":1,"minecraft:spruce_wood":24,"minecraft:iron_ingot":437,"minecraft:stone_pickaxe":2,"minecraft:cooked_chicken":5,"minecraft:iron_ore":175,"minecraft:glass_bottle":3,"minecraft:iron_sword":13,"minecraft:flowering_azalea":4,"minecraft:book":326,"minecraft:dark_oak_slab":2,"minecraft:pumpkin":12,"minecraft:sweet_berries":6,"ars_nouveau:red_archwood_sapling":3,"minecraft:dandelion":33,"aa_minecraft_mod:copper_pickaxe":4,"minecraft:birch_stairs":2,"ars_nouveau:bastion_pod":9,"minecraft:amethyst_shard":7,"minecraft:white_bed":6,"minecraft:green_carpet":2,"minecraft:spider_eye":8,"aa_minecraft_mod:copper_armor_helmet":5,"ars_nouveau:wilden_spike":3,"minecraft:iron_helmet":15,"minecraft:gray_wool":2,"minecraft:netherite_hoe":1,"minecraft:dark_oak_wood":24,"minecraft:coal":172},"minecraft:killed":{"minecraft:cave_spider":6,"minecraft:spider":1,"minecraft:skeleton":33,"minecraft:chicken":1,"minecraft:pig":1,"minecraft:sheep":10,"minecraft:zombie":8,"alexsmobs:maned_wolf":1,"alexsmobs:fly":2,"minecraft:cow":19,"minecraft:drowned":1,"minecraft:husk":32,"alexsmobs:guster":1,"alexsmobs:emu":1,"ars_nouveau:whirlisprig":1,"minecraft:wither_skeleton":3,"minecraft:enderman":1},"minecraft:dropped":{"minecraft:iron_sword":4,"minecraft:cooked_beef":9,"minecraft:diamond":5,"minecraft:cooked_porkchop":8,"minecraft:leather":12,"minecraft:honeycomb":1,"minecraft:jungle_planks":1,"minecraft:emerald":5,"minecraft:item_frame":2,"minecraft:coast_armor_trim_smithing_template":2,"minecraft:black_shulker_box":1,"irons_spellbooks:arcane_essence":9,"minecraft:gold_nugget":13,"minecraft:pumpkin_pie":1,"minecraft:sand":2,"minecraft:glistering_melon_slice":2,"minecraft:iron_pickaxe":2,"irons_spellbooks:emerald_stoneplate_ring":1,"minecraft:white_wool":1,"ars_nouveau:wilden_horn":2,"minecraft:gold_ingot":7,"minecraft:sugar_cane":10,"minecraft:iron_nugget":6,"ars_nouveau:purple_archwood_sapling":2,"minecraft:obsidian":9,"minecraft:beetroot":11,"minecraft:rotten_flesh":2,"minecraft:cooked_mutton":3,"minecraft:carrot":2,"minecraft:poppy":1,"alexsmobs:terrapin_bucket":1,"minecraft:tipped_arrow":1,"minecraft:turtle_helmet":1,"minecraft:melon_seeds":1,"minecraft:spruce_slab":1,"minecraft:beef":11,"alexsmobs:banana":18,"farmersdelight:honey_glazed_ham":2,"ars_nouveau:red_archwood_sapling":2,"irons_spellbooks:poisonward_ring":1,"minecraft:iron_ingot":7,"minecraft:bread":71,"minecraft:wheat_seeds":10,"minecraft:feather":1,"minecraft:cobblestone":14,"minecraft:apple":4,"ars_nouveau:purple_archwood_log":37,"minecraft:stick":15,"irons_spellbooks:scroll":4,"minecraft:iron_block":10,"minecraft:torch":192,"minecraft:diamond_helmet":1,"minecraft:fire_charge":1,"irons_spellbooks:common_ink":4,"minecraft:iron_axe":1,"minecraft:magenta_shulker_box":2,"minecraft:dandelion":10,"minecraft:sweet_berries":1,"minecraft:blaze_rod":22,"minecraft:bowl":2,"irons_spellbooks:uncommon_ink":3,"farmersdelight:cabbage_seeds":1,"minecraft:white_carpet":1,"minecraft:iron_boots":1,"minecraft:name_tag":3,"minecraft:white_shulker_box":1,"minecraft:shield":1,"minecraft:spruce_planks":1,"artifacts:eternal_steak":1,"minecraft:purple_shulker_box":1,"minecraft:bow":1,"aa_minecraft_mod:copper_sword":1},"minecraft:killed_by":{"minecraft:wither_skeleton":1,"irons_spellbooks:pyromancer":2,"minecraft:cave_spider":1,"minecraft:husk":5,"minecraft:player":3,"minecraft:skeleton":8,"irons_spellbooks:archevoker":1},"minecraft:crafted":{"minecraft:oak_planks":24,"minecraft:yellow_wool":3,"ars_nouveau:archwood_planks":68,"minecraft:cooked_chicken":1,"minecraft:lever":1,"minecraft:cooked_mutton":12,"minecraft:iron_boots":1,"minecraft:melon_seeds":1,"minecraft:chest":14,"minecraft:cooked_porkchop":9,"minecraft:crafting_table":7,"minecraft:spruce_planks":12,"minecraft:iron_helmet":1,"minecraft:copper_ingot":13,"minecraft:gold_block":25,"minecraft:emerald_block":9,"minecraft:iron_chestplate":2,"minecraft:charcoal":86,"minecraft:yellow_dye":3,"minecraft:shield":1,"minecraft:stick":136,"minecraft:iron_ingot":48,"minecraft:iron_pickaxe":7,"minecraft:iron_block":53,"minecraft:gold_ingot":18,"minecraft:redstone_torch":3,"artifacts:eternal_steak":1,"minecraft:furnace":5,"minecraft:yellow_bed":1,"minecraft:diamond_block":17,"minecraft:iron_axe":7,"minecraft:dark_oak_planks":228,"minecraft:wheat":414,"minecraft:cooked_beef":25,"aa_minecraft_mod:copper_pickaxe":1,"minecraft:iron_sword":11,"minecraft:bowl":4,"minecraft:dark_oak_button":8,"minecraft:mangrove_planks":8,"minecraft:bucket":1,"aa_minecraft_mod:copper_sword":3,"minecraft:bread":139,"minecraft:air":0,"minecraft:jungle_planks":140,"aa_minecraft_mod:copper_axe":1,"minecraft:iron_leggings":1,"minecraft:anvil":1,"minecraft:white_bed":2,"minecraft:acacia_planks":104,"minecraft:torch":252}},"DataVersion":3465}